contract_date,contract_no.,sent_to_laserfiche_contract,sent_to_laserfiche_fixation,customer_name,consignee_name,trade_slip_contract_price,trade_slip_total_cost,trade_slip_net_price,country,agent_name,vmi,amendment,commodity,origin,contract_quality,quality_type,crop_year,local_quality_text,sales_terms,from,shipped_from_country,final_destination,destination_country,payment_terms,delivery_shipment,delivery_or_shipment_period,quantity,quantity_unit,weight_mt,net_weight_in_lots__in_mt_,gross_weight_in_lots__in_mt_,unapplied_weight_mt,uninvoiced_weight_mt,washout_weight_in_mt,uninvoiced_quantity,l_c_numbers,+__,price,price_unit,price_method,cover_month,cover_year,average_price,market_price,market_price_unit,hypothetical_exchange,hypothetical_cover_month,hypothetical_cover_year,hypothetical_on_off_ratio,hypothetical_differential_ratio,hypothetical_differential_price_unit,sas_approved,posting_dates,on_call_balance,total_weight_fixed,number_of_lot_to_be_fixed,number_of_lot_fixed,trade_slip_price,market_price2,selling_commission,buying_commission,fob_nett,anticipated_margin,anticipated_purchase_price,costs_to_fob_new_trade_slip,freight_new_trade_slip,insurance_new_trade_slip,other_costs_new_trade_slip,controlling_costs_new_trade_slip,bank_charges_costs_new_trade_slip,weight_loss_costs_new_trade_slip,interest_costs_new_trade_slip,cost_hedge_costs_new_trade_slip,custom_charge_costs_new_trade_slip,custom_duties_costs_new_trade_slip,customer,commission_price_unit,commission_on_amount_rate__%_,commission_on_quantity_sign,commission_on_quantity_rate,commission_on_weight_sign,commission_on_weight_rate,commission_on_price_unit_sign,commission_on_price_unit_rate,agent_commission_price_unit,agent_on_amount_rate__%_,agent_on_weight_sign,agent_on_price_unit_rate,periods__begin_,periods__end_,price__exchange_,exchange_price_unit,s.i._no.,s.i._date,advice_no.,advice_date,fixation_date,created_on,created_by,invoiced,invoiced_on,third_party_invoiced_amount,third_party_currency,margin_percentage,is_invoiced
2022-08-17,CT2022080001,0,0,Global Trading Co.,Maritime Shipping Corp.,14245.26,12108.47,259406.18,United Kingdom,,,,Cashew Kernels W450,India,,,2022,,FOB,India,India,United Kingdom,United Kingdom,TT 30 days,Prompt,August 2022,1,Containers,18.21,18.21,18.57,0,0.0,0,0,,,14245.26,USD/MT,Fixed,,,14245.26,14552.99,USD/MT,,,,,,,1,,0,18.21,0,1,14245.26,,2594.06,1297.03,254218.06,38910.94,12108.47,1210.85,910.5,518.81,1297.03,0,259.41,0,0,0,0,0,Global Trading Co.,USD/MT,1.0,,0,,0,,0,,0,,0,2022-08-17,2022-09-16,,,,,,,,2022-08-17,System,1,2022-09-06,249271.67,EUR,15.0,1
2023-03-28,CT2023030002,1,1,Continental Distributors,Quick Ship Logistics,10381.75,8824.49,379868.23,France,,,,Cashew Kernels W240,Nigeria,,,2023,,CIF,Nigeria,Nigeria,France,France,LC 60 days,Prompt,March 2023,2,Containers,36.59,36.59,37.32,0,0.0,0,0,,,10381.75,USD/MT,Fixed,,,10381.75,10700.6,USD/MT,,,,,,,1,,0,36.59,0,2,10381.75,,3798.68,1899.34,372270.87,56980.14,8824.49,882.45,1829.5,759.74,1899.34,0,379.87,0,0,0,0,0,Continental Distributors,USD/MT,1.0,,0,,0,,0,,0,,0,2023-03-28,2023-04-27,,,,,,,,2023-03-28,System,1,2023-05-06,362711.79,EUR,15.0,1
2022-09-13,CT2022090003,0,0,Royal Nut Company,Land Transport Group,10531.45,8951.73,1002699.35,Germany,,,,Cashew Kernels LWP,Mozambique,,,2022,,CIF,Mozambique,Mozambique,Germany,Germany,CAD,Prompt,September 2022,5,Containers,95.21,95.21,97.11,0,0.0,0,0,,,10531.45,USD/MT,Fixed,,,10531.45,10917.41,USD/MT,,,,,,,1,,0,95.21,0,5,10531.45,,10026.99,5013.5,982645.36,150405.14,8951.73,895.17,4760.5,2005.4,5013.5,0,1002.7,0,0,0,0,0,Royal Nut Company,USD/MT,1.0,,0,,0,,0,,0,,0,2022-09-13,2022-10-13,,,,,,,,2022-09-13,System,1,2022-10-12,991322.14,USD,15.0,1
2023-07-24,CT2023070004,1,1,Continental Distributors,Air Cargo International,12912.74,10975.83,469507.23,Netherlands,,,,Cashew Kernels Splits,Ivory Coast,,,2023,,FOB,Ivory Coast,Ivory Coast,Netherlands,Netherlands,TT 30 days,Prompt,July 2023,2,Containers,36.36,36.36,37.09,0,0.0,0,0,,,12912.74,USD/MT,Fixed,,,12912.74,13544.85,USD/MT,,,,,,,0,,0,36.36,0,2,12912.74,,4695.07,2347.54,460117.09,70426.05,10975.83,1097.58,1818.0,939.01,2347.54,0,469.51,0,0,0,0,0,Continental Distributors,USD/MT,1.0,,0,,0,,0,,0,,0,2023-07-24,2023-08-23,,,,,,,,2023-07-24,System,1,2023-08-23,449867.8,GBP,15.0,1
2023-10-27,CT2023100005,1,0,Green Valley Foods,Warehouse Solutions Inc.,8463.32,7193.82,434252.95,United Kingdom,,,,Cashew Kernels W240,Nigeria,,,2023,,FCA,Nigeria,Nigeria,United Kingdom,United Kingdom,CAD,Prompt,October 2023,3,Containers,51.31,51.31,52.34,0,0.0,0,0,,,8463.32,USD/MT,Fixed,,,8463.32,8264.33,USD/MT,,,,,,,0,,0,51.31,0,3,8463.32,,4342.53,2171.26,425567.89,65138.05,7193.82,719.38,2565.5,868.51,2171.26,0,434.25,0,0,0,0,0,Green Valley Foods,USD/MT,1.0,,0,,0,,0,,0,,0,2023-10-27,2023-11-26,,,,,,,,2023-10-27,System,1,2023-12-12,421130.52,EUR,15.0,1
2023-06-23,CT2023060006,0,0,Golden Harvest Co.,Quick Ship Logistics,14982.76,12735.35,736103.0,South Korea,,,,Cashew Kernels Pieces,Mozambique,,,2023,,FCA,Mozambique,Mozambique,South Korea,South Korea,TT Advance,Prompt,June 2023,3,Containers,49.13,49.13,50.11,0,49.13,0,3,,,14982.76,USD/MT,Fixed,,,14982.76,15173.71,USD/MT,,,,,,,1,,0,0.0,0,0,14982.76,,7361.03,3680.51,721380.94,110415.25,12735.35,1273.54,2456.5,1472.21,3680.51,0,736.1,0,0,0,0,0,Golden Harvest Co.,USD/MT,1.0,,0,,0,,0,,0,,0,2023-06-23,2023-07-23,,,,,,,,2023-06-23,System,0,,0.0,USD,15.0,0
2022-05-11,CT2022050007,1,0,Pacific Rim Foods,Land Transport Group,8080.37,6868.31,765372.65,Singapore,,,,Cashew Kernels LWP,Tanzania,,,2022,,FOB,Tanzania,Tanzania,Singapore,Singapore,CAD,Prompt,May 2022,5,Containers,94.72,94.72,96.61,0,94.72,0,5,,,8080.37,USD/MT,Fixed,,,8080.37,7913.51,USD/MT,,,,,,,0,,0,0.0,0,0,8080.37,,7653.73,3826.86,750065.2,114806.33,6868.31,686.83,4736.0,1530.75,3826.86,0,765.37,0,0,0,0,0,Pacific Rim Foods,USD/MT,1.0,,0,,0,,0,,0,,0,2022-05-11,2022-06-10,,,,,,,,2022-05-11,System,0,,0.0,GBP,15.0,0
2024-07-18,CT2024070008,0,0,Global Trading Co.,Maritime Shipping Corp.,14093.63,11979.59,1349465.07,Canada,,,,Cashew Kernels W450,Nigeria,,,2024,,CFR,Nigeria,Nigeria,Canada,Canada,CAD,Prompt,July 2024,5,Containers,95.75,95.75,97.67,0,0.0,0,0,,,14093.63,USD/MT,Fixed,,,14093.63,14233.08,USD/MT,,,,,,,1,,0,95.75,0,5,14093.63,,13494.65,6747.33,1322475.77,202419.33,11979.59,1197.96,4787.5,2698.93,6747.33,0,1349.47,0,0,0,0,0,Global Trading Co.,USD/MT,1.0,,0,,0,,0,,0,,0,2024-07-18,2024-08-17,,,,,,,,2024-07-18,System,1,2024-08-11,1307221.0,GBP,15.0,1
2022-02-09,CT2022020009,0,0,Asia Pacific Imports,Air Cargo International,14146.07,12024.16,445035.36,Brazil,,,,Cashew Kernels LWP,Nigeria,,,2022,,FOB,Nigeria,Nigeria,Brazil,Brazil,LC 30 days,Prompt,February 2022,2,Containers,31.46,31.46,32.09,0,0.0,0,0,,,14146.07,USD/MT,Fixed,,,14146.07,14372.05,USD/MT,,,,,,,0,,0,31.46,0,2,14146.07,,4450.35,2225.18,436134.65,66755.29,12024.16,1202.42,1573.0,890.07,2225.18,0,445.04,0,0,0,0,0,Asia Pacific Imports,USD/MT,1.0,,0,,0,,0,,0,,0,2022-02-09,2022-03-11,,,,,,,,2022-02-09,System,1,2022-02-28,444545.48,GBP,15.0,1
2023-06-27,CT2023060010,1,0,Ocean Trade Partners,Quick Ship Logistics,12701.81,10796.54,651475.83,South Korea,,,,Cashew Kernels SW,India,,,2023,,CFR,India,India,South Korea,South Korea,TT Advance,Prompt,June 2023,3,Containers,51.29,51.29,52.32,0,0.0,0,0,,,12701.81,USD/MT,Fixed,,,12701.81,12813.98,USD/MT,,,,,,,0,,0,51.29,0,3,12701.81,,6514.76,3257.38,638446.31,97721.29,10796.54,1079.65,2564.5,1302.95,3257.38,0,651.48,0,0,0,0,0,Ocean Trade Partners,USD/MT,1.0,,0,,0,,0,,0,,0,2023-06-27,2023-07-27,,,,,,,,2023-06-27,System,1,2023-07-27,626221.28,GBP,15.0,1
2023-03-28,CT2023030011,0,1,Global Trading Co.,Port Logistics Ltd.,8219.89,6986.91,259255.33,Saudi Arabia,,,,Cashew Kernels W240,Ghana,,,2023,,CFR,Ghana,Ghana,Saudi Arabia,Saudi Arabia,LC 30 days,Prompt,March 2023,2,Containers,31.54,31.54,32.17,0,0.0,0,0,,,8219.89,USD/MT,Fixed,,,8219.89,8008.64,USD/MT,,,,,,,1,,0,31.54,0,2,8219.89,,2592.55,1296.28,254070.22,38888.19,6986.91,698.69,1577.0,518.51,1296.28,0,259.26,0,0,0,0,0,Global Trading Co.,USD/MT,1.0,,0,,0,,0,,0,,0,2023-03-28,2023-04-27,,,,,,,,2023-03-28,System,1,2023-05-24,252584.88,GBP,15.0,1
2024-04-13,CT2024040012,0,0,American Cashew Corp.,Port Logistics Ltd.,11269.17,9578.79,581263.79,Germany,,,,Cashew Kernels Pieces,Ghana,,,2024,,FOB,Ghana,Ghana,Germany,Germany,CAD,Prompt,April 2024,3,Containers,51.58,51.58,52.61,0,51.58,0,3,,,11269.17,USD/MT,Fixed,,,11269.17,11159.43,USD/MT,,,,,,,1,,0,0.0,0,0,11269.17,,5812.64,2906.32,569638.51,87189.8,9578.79,957.88,2579.0,1162.53,2906.32,0,581.26,0,0,0,0,0,American Cashew Corp.,USD/MT,1.0,,0,,0,,0,,0,,0,2024-04-13,2024-05-13,,,,,,,,2024-04-13,System,0,,0.0,GBP,15.0,0
2022-08-12,CT2022080013,0,0,American Cashew Corp.,Express Freight Services,9949.82,8457.35,342074.81,United Kingdom,,,,Cashew Kernels BB,Mozambique,,,2022,,CIF,Mozambique,Mozambique,United Kingdom,United Kingdom,LC 30 days,Prompt,August 2022,2,Containers,34.38,34.38,35.07,0,34.38,0,2,,,9949.82,USD/MT,Fixed,,,9949.82,10101.2,USD/MT,,,,,,,0,,0,0.0,0,0,9949.82,,3420.75,1710.37,335233.31,51311.12,8457.35,845.74,1719.0,684.15,1710.37,0,342.07,0,0,0,0,0,American Cashew Corp.,USD/MT,1.0,,0,,0,,0,,0,,0,2022-08-12,2022-09-11,,,,,,,,2022-08-12,System,0,,0.0,EUR,15.0,0
2022-07-11,CT2022070014,1,1,Royal Nut Company,Express Freight Services,10807.28,9186.19,707012.26,Netherlands,,,,Cashew Kernels BB,Tanzania,,,2022,,FOB,Tanzania,Tanzania,Netherlands,Netherlands,LC 60 days,Prompt,July 2022,4,Containers,65.42,65.42,66.73,0,0.0,0,0,,,10807.28,USD/MT,Fixed,,,10807.28,10724.07,USD/MT,,,,,,,1,,0,65.42,0,4,10807.28,,7070.12,3535.06,692872.01,106051.71,9186.19,918.62,3271.0,1414.02,3535.06,0,707.01,0,0,0,0,0,Royal Nut Company,USD/MT,1.0,,0,,0,,0,,0,,0,2022-07-11,2022-08-10,,,,,,,,2022-07-11,System,1,2022-08-19,681036.74,EUR,15.0,1
2022-11-14,CT2022110015,0,0,American Cashew Corp.,Maritime Shipping Corp.,12089.24,10275.85,570491.24,United Kingdom,,,,Cashew Kernels W240,Vietnam,,,2022,,FCA,Vietnam,Vietnam,United Kingdom,United Kingdom,TT 30 days,Prompt,November 2022,3,Containers,47.19,47.19,48.13,0,0.0,0,0,,,12089.24,USD/MT,Fixed,,,12089.24,12204.13,USD/MT,,,,,,,0,,0,47.19,0,3,12089.24,,5704.91,2852.46,559081.42,85573.88,10275.85,1027.59,2359.5,1140.98,2852.46,0,570.49,0,0,0,0,0,American Cashew Corp.,USD/MT,1.0,,0,,0,,0,,0,,0,2022-11-14,2022-12-14,,,,,,,,2022-11-14,System,1,2022-12-31,544251.82,USD,15.0,1
2024-04-06,CT2024040016,0,1,Asia Pacific Imports,Quick Ship Logistics,12601.61,10711.37,997291.42,United Kingdom,,,,Cashew Kernels W240,Mozambique,,,2024,,FCA,Mozambique,Mozambique,United Kingdom,United Kingdom,TT 30 days,Prompt,April 2024,5,Containers,79.14,79.14,80.72,0,79.14,0,5,,,12601.61,USD/MT,Fixed,,,12601.61,12272.31,USD/MT,,,,,,,1,,0,0.0,0,0,12601.61,,9972.91,4986.46,977345.59,149593.6,10711.37,1071.14,3957.0,1994.58,4986.46,0,997.29,0,0,0,0,0,Asia Pacific Imports,USD/MT,1.0,,0,,0,,0,,0,,0,2024-04-06,2024-05-06,,,,,,,,2024-04-06,System,0,,0.0,EUR,15.0,0
2022-09-26,CT2022090017,1,0,Sunrise Trading LLC,Maritime Shipping Corp.,14989.18,12740.8,259762.49,Australia,,,,Cashew Kernels W320,Ivory Coast,,,2022,,FOB,Ivory Coast,Ivory Coast,Australia,Australia,LC 30 days,Prompt,September 2022,1,Containers,17.33,17.33,17.68,0,0.0,0,0,,,14989.18,USD/MT,Fixed,,,14989.18,15557.67,USD/MT,,,,,,,1,,0,17.33,0,1,14989.18,,2597.62,1298.81,254567.24,38964.43,12740.8,1274.08,866.5,519.52,1298.81,0,259.76,0,0,0,0,0,Sunrise Trading LLC,USD/MT,1.0,,0,,0,,0,,0,,0,2022-09-26,2022-10-26,,,,,,,,2022-09-26,System,1,2022-10-27,248494.73,GBP,15.0,1
2023-08-07,CT2023080018,1,0,Euro Nuts Ltd.,Coastal Distribution,13649.7,11602.25,1326477.85,China,,,,Cashew Kernels LWP,Mozambique,,,2023,,FCA,Mozambique,Mozambique,China,China,LC 30 days,Prompt,August 2023,5,Containers,97.18,97.18,99.12,0,97.18,0,5,,,13649.7,USD/MT,Fixed,,,13649.7,14248.83,USD/MT,,,,,,,0,,0,0.0,0,0,13649.7,,13264.78,6632.39,1299948.29,198971.2,11602.25,1160.23,4859.0,2652.96,6632.39,0,1326.48,0,0,0,0,0,Euro Nuts Ltd.,USD/MT,1.0,,0,,0,,0,,0,,0,2023-08-07,2023-09-06,,,,,,,,2023-08-07,System,0,,0.0,GBP,15.0,0
2023-06-26,CT2023060019,1,0,Asia Pacific Imports,Port Logistics Ltd.,9474.41,8053.25,472583.57,Saudi Arabia,,,,Cashew Kernels W450,Mozambique,,,2023,,CFR,Mozambique,Mozambique,Saudi Arabia,Saudi Arabia,LC 60 days,Prompt,June 2023,3,Containers,49.88,49.88,50.88,0,0.0,0,0,,,9474.41,USD/MT,Fixed,,,9474.41,9088.14,USD/MT,,,,,,,1,,0,49.88,0,3,9474.41,,4725.84,2362.92,463131.9,70887.46,8053.25,805.33,2494.0,945.17,2362.92,0,472.58,0,0,0,0,0,Asia Pacific Imports,USD/MT,1.0,,0,,0,,0,,0,,0,2023-06-26,2023-07-26,,,,,,,,2023-06-26,System,1,2023-07-27,460896.79,GBP,15.0,1
2023-07-21,CT2023070020,0,1,Global Trading Co.,Warehouse Solutions Inc.,11092.85,9428.92,537337.65,Japan,,,,Cashew Kernels W450,Nigeria,,,2023,,EXW,Nigeria,Nigeria,Japan,Japan,TT 30 days,Prompt,July 2023,3,Containers,48.44,48.44,49.41,0,0.0,0,0,,,11092.85,USD/MT,Fixed,,,11092.85,11184.38,USD/MT,,,,,,,0,,0,48.44,0,3,11092.85,,5373.38,2686.69,526590.9,80600.77,9428.92,942.89,2422.0,1074.68,2686.69,0,537.34,0,0,0,0,0,Global Trading Co.,USD/MT,1.0,,0,,0,,0,,0,,0,2023-07-21,2023-08-20,,,,,,,,2023-07-21,System,1,2023-09-18,534756.51,USD,15.0,1
2024-05-30,CT2024050021,1,0,Euro Nuts Ltd.,Warehouse Solutions Inc.,9746.71,8284.7,477783.72,France,,,,Cashew Kernels W240,Ivory Coast,,,2024,,FOB,Ivory Coast,Ivory Coast,France,France,LC 90 days,Prompt,May 2024,3,Containers,49.02,49.02,50.0,0,49.02,0,3,,,9746.71,USD/MT,Fixed,,,9746.71,10161.69,USD/MT,,,,,,,0,,0,0.0,0,0,9746.71,,4777.84,2388.92,468228.05,71667.73,8284.7,828.47,2451.0,955.57,2388.92,0,477.78,0,0,0,0,0,Euro Nuts Ltd.,USD/MT,1.0,,0,,0,,0,,0,,0,2024-05-30,2024-06-29,,,,,,,,2024-05-30,System,0,,0.0,GBP,15.0,0
2022-11-29,CT2022110022,1,0,Blue Ocean Exports,Global Storage Co.,10325.3,8776.5,380900.32,Brazil,,,,Cashew Kernels W240,Tanzania,,,2022,,EXW,Tanzania,Tanzania,Brazil,Brazil,CAD,Prompt,November 2022,2,Containers,36.89,36.89,37.63,0,36.89,0,2,,,10325.3,USD/MT,Fixed,,,10325.3,10622.02,USD/MT,,,,,,,0,,0,0.0,0,0,10325.3,,3809.0,1904.5,373282.31,57135.23,8776.5,877.65,1844.5,761.8,1904.5,0,380.9,0,0,0,0,0,Blue Ocean Exports,USD/MT,1.0,,0,,0,,0,,0,,0,2022-11-29,2022-12-29,,,,,,,,2022-11-29,System,0,,0.0,GBP,15.0,0
2024-02-23,CT2024020023,1,0,Green Valley Foods,Warehouse Solutions Inc.,11222.12,9538.8,421166.16,China,,,,Cashew Kernels SW,Tanzania,,,2024,,CFR,Tanzania,Tanzania,China,China,LC 60 days,Prompt,February 2024,2,Containers,37.53,37.53,38.28,0,0.0,0,0,,,11222.12,USD/MT,Fixed,,,11222.12,11746.07,USD/MT,,,,,,,1,,0,37.53,0,2,11222.12,,4211.66,2105.83,412742.84,63175.0,9538.8,953.88,1876.5,842.33,2105.83,0,421.17,0,0,0,0,0,Green Valley Foods,USD/MT,1.0,,0,,0,,0,,0,,0,2024-02-23,2024-03-24,,,,,,,,2024-02-23,System,1,2024-03-21,408498.87,USD,15.0,1
2023-12-21,CT2023120024,1,1,Sunrise Trading LLC,Inland Warehousing,14792.8,12573.88,236093.09,South Korea,,,,Cashew Kernels Splits,Ghana,,,2023,,CIF,Ghana,Ghana,South Korea,South Korea,TT 30 days,Prompt,December 2023,1,Containers,15.96,15.96,16.28,0,0.0,0,0,,,14792.8,USD/MT,Fixed,,,14792.8,14949.91,USD/MT,,,,,,,0,,0,15.96,0,1,14792.8,,2360.93,1180.47,231371.23,35413.97,12573.88,1257.39,798.0,472.19,1180.47,0,236.09,0,0,0,0,0,Sunrise Trading LLC,USD/MT,1.0,,0,,0,,0,,0,,0,2023-12-21,2024-01-20,,,,,,,,2023-12-21,System,1,2024-02-12,229418.31,EUR,15.0,1
2024-02-28,CT2024020025,0,1,Royal Nut Company,Quick Ship Logistics,14479.03,12307.18,898134.23,United Kingdom,,,,Cashew Kernels W240,Ivory Coast,,,2024,,FCA,Ivory Coast,Ivory Coast,United Kingdom,United Kingdom,CAD,Prompt,February 2024,4,Containers,62.03,62.03,63.27,0,62.03,0,4,,,14479.03,USD/MT,Fixed,,,14479.03,14379.56,USD/MT,,,,,,,1,,0,0.0,0,0,14479.03,,8981.34,4490.67,880171.55,134719.85,12307.18,1230.72,3101.5,1796.27,4490.67,0,898.13,0,0,0,0,0,Royal Nut Company,USD/MT,1.0,,0,,0,,0,,0,,0,2024-02-28,2024-03-29,,,,,,,,2024-02-28,System,0,,0.0,GBP,15.0,0
2023-10-05,CT2023100026,0,1,Sunrise Trading LLC,Port Logistics Ltd.,12880.46,10948.39,865824.52,Saudi Arabia,,,,Cashew Kernels LWP,Ivory Coast,,,2023,,FCA,Ivory Coast,Ivory Coast,Saudi Arabia,Saudi Arabia,LC 60 days,Prompt,October 2023,4,Containers,67.22,67.22,68.56,0,0.0,0,0,,,12880.46,USD/MT,Fixed,,,12880.46,12759.48,USD/MT,,,,,,,0,,0,67.22,0,4,12880.46,,8658.25,4329.12,848508.03,129873.74,10948.39,1094.84,3361.0,1731.65,4329.12,0,865.82,0,0,0,0,0,Sunrise Trading LLC,USD/MT,1.0,,0,,0,,0,,0,,0,2023-10-05,2023-11-04,,,,,,,,2023-10-05,System,1,2023-11-13,851855.22,USD,15.0,1
2023-09-15,CT2023090027,1,0,Middle East Trading,Express Freight Services,12729.39,10819.98,879218.97,South Korea,,,,Cashew Kernels Splits,Nigeria,,,2023,,FCA,Nigeria,Nigeria,South Korea,South Korea,TT Advance,Prompt,September 2023,4,Containers,69.07,69.07,70.45,0,0.0,0,0,,,12729.39,USD/MT,Fixed,,,12729.39,13134.72,USD/MT,,,,,,,0,,0,69.07,0,4,12729.39,,8792.19,4396.09,861634.59,131882.95,10819.98,1082.0,3453.5,1758.44,4396.09,0,879.22,0,0,0,0,0,Middle East Trading,USD/MT,1.0,,0,,0,,0,,0,,0,2023-09-15,2023-10-15,,,,,,,,2023-09-15,System,1,2023-10-05,847733.54,GBP,15.0,1
2023-09-28,CT2023090028,0,1,American Cashew Corp.,Express Freight Services,12278.92,10437.08,477281.62,Netherlands,,,,Cashew Kernels W240,Vietnam,,,2023,,FOB,Vietnam,Vietnam,Netherlands,Netherlands,TT Advance,Prompt,September 2023,2,Containers,38.87,38.87,39.65,0,38.87,0,2,,,12278.92,USD/MT,Fixed,,,12278.92,12272.02,USD/MT,,,,,,,0,,0,0.0,0,0,12278.92,,4772.82,2386.41,467735.99,71592.32,10437.08,1043.71,1943.5,954.56,2386.41,0,477.28,0,0,0,0,0,American Cashew Corp.,USD/MT,1.0,,0,,0,,0,,0,,0,2023-09-28,2023-10-28,,,,,,,,2023-09-28,System,0,,0.0,EUR,15.0,0
2022-10-30,CT2022100029,1,1,Sunrise Trading LLC,Warehouse Solutions Inc.,13628.77,11584.45,892684.44,Brazil,,,,Cashew Kernels W320,Nigeria,,,2022,,FCA,Nigeria,Nigeria,Brazil,Brazil,TT Advance,Prompt,October 2022,4,Containers,65.5,65.5,66.81,0,0.0,0,0,,,13628.77,USD/MT,Fixed,,,13628.77,14242.12,USD/MT,,,,,,,1,,0,65.5,0,4,13628.77,,8926.84,4463.42,874830.75,133902.96,11584.45,1158.45,3275.0,1785.37,4463.42,0,892.68,0,0,0,0,0,Sunrise Trading LLC,USD/MT,1.0,,0,,0,,0,,0,,0,2022-10-30,2022-11-29,,,,,,,,2022-10-30,System,1,2022-11-21,868424.04,USD,15.0,1
2024-10-30,CT2024100030,1,0,Pacific Rim Foods,Inland Warehousing,9730.68,8271.08,643684.48,Australia,,,,Cashew Kernels BB,India,,,2024,,CFR,India,India,Australia,Australia,TT 30 days,Prompt,October 2024,4,Containers,66.15,66.15,67.47,0,0.0,0,0,,,9730.68,USD/MT,Fixed,,,9730.68,9508.54,USD/MT,,,,,,,1,,0,66.15,0,4,9730.68,,6436.84,3218.42,630810.79,96552.54,8271.08,827.11,3307.5,1287.37,3218.42,0,643.68,0,0,0,0,0,Pacific Rim Foods,USD/MT,1.0,,0,,0,,0,,0,,0,2024-10-30,2024-11-29,,,,,,,,2024-10-30,System,1,2024-12-01,625657.21,EUR,15.0,1
2022-06-15,CT2022060031,0,1,Euro Nuts Ltd.,Global Storage Co.,10853.2,9225.22,341984.33,United Kingdom,,,,Cashew Kernels W450,Tanzania,,,2022,,FCA,Tanzania,Tanzania,United Kingdom,United Kingdom,TT Advance,Prompt,June 2022,2,Containers,31.51,31.51,32.14,0,0.0,0,0,,,10853.2,USD/MT,Fixed,,,10853.2,10828.22,USD/MT,,,,,,,1,,0,31.51,0,2,10853.2,,3419.84,1709.92,335144.64,51297.65,9225.22,922.52,1575.5,683.97,1709.92,0,341.98,0,0,0,0,0,Euro Nuts Ltd.,USD/MT,1.0,,0,,0,,0,,0,,0,2022-06-15,2022-07-15,,,,,,,,2022-06-15,System,1,2022-07-26,331544.86,EUR,15.0,1
2023-09-04,CT2023090032,1,1,Blue Ocean Exports,Land Transport Group,11822.93,10049.49,1093029.88,China,,,,Cashew Kernels Pieces,Nigeria,,,2023,,FCA,Nigeria,Nigeria,China,China,LC 60 days,Prompt,September 2023,5,Containers,92.45,92.45,94.3,0,0.0,0,0,,,11822.93,USD/MT,Fixed,,,11822.93,12022.59,USD/MT,,,,,,,1,,0,92.45,0,5,11822.93,,10930.3,5465.15,1071169.28,163954.53,10049.49,1004.95,4622.5,2186.06,5465.15,0,1093.03,0,0,0,0,0,Blue Ocean Exports,USD/MT,1.0,,0,,0,,0,,0,,0,2023-09-04,2023-10-04,,,,,,,,2023-09-04,System,1,2023-10-16,1064919.45,EUR,15.0,1
2022-12-05,CT2022120033,1,1,Green Valley Foods,Coastal Distribution,12641.0,10744.85,903452.27,Brazil,,,,Cashew Kernels W240,India,,,2022,,FOB,India,India,Brazil,Brazil,CAD,Prompt,December 2022,4,Containers,71.47,71.47,72.9,0,0.0,0,0,,,12641.0,USD/MT,Fixed,,,12641.0,12422.76,USD/MT,,,,,,,1,,0,71.47,0,4,12641.0,,9034.52,4517.26,885383.22,135517.84,10744.85,1074.49,3573.5,1806.9,4517.26,0,903.45,0,0,0,0,0,Green Valley Foods,USD/MT,1.0,,0,,0,,0,,0,,0,2022-12-05,2023-01-04,,,,,,,,2022-12-05,System,1,2023-01-18,866488.83,EUR,15.0,1
2023-11-01,CT2023110034,0,0,African Export Group,Land Transport Group,11292.15,9598.33,638232.32,France,,,,Cashew Kernels Pieces,Nigeria,,,2023,,FCA,Nigeria,Nigeria,France,France,LC 30 days,Prompt,November 2023,3,Containers,56.52,56.52,57.65,0,0.0,0,0,,,11292.15,USD/MT,Fixed,,,11292.15,11799.86,USD/MT,,,,,,,0,,0,56.52,0,3,11292.15,,6382.32,3191.16,625467.67,95734.71,9598.33,959.83,2826.0,1276.46,3191.16,0,638.23,0,0,0,0,0,African Export Group,USD/MT,1.0,,0,,0,,0,,0,,0,2023-11-01,2023-12-01,,,,,,,,2023-11-01,System,1,2023-11-20,631251.11,EUR,15.0,1
2022-02-11,CT2022020035,0,1,Mountain View Imports,Global Storage Co.,9525.75,8096.89,169177.32,United Kingdom,,,,Cashew Kernels BB,India,,,2022,,CFR,India,India,United Kingdom,United Kingdom,LC 90 days,Prompt,February 2022,1,Containers,17.76,17.76,18.12,0,0.0,0,0,,,9525.75,USD/MT,Fixed,,,9525.75,9152.43,USD/MT,,,,,,,0,,0,17.76,0,1,9525.75,,1691.77,845.89,165793.77,25376.55,8096.89,809.69,888.0,338.35,845.89,0,169.18,0,0,0,0,0,Mountain View Imports,USD/MT,1.0,,0,,0,,0,,0,,0,2022-02-11,2022-03-13,,,,,,,,2022-02-11,System,1,2022-04-12,161687.27,USD,15.0,1
2023-10-01,CT2023100036,0,0,Mountain View Imports,Land Transport Group,13814.0,11741.9,246856.18,South Korea,,,,Cashew Kernels SW,Ghana,,,2023,,CIF,Ghana,Ghana,South Korea,South Korea,LC 30 days,Prompt,October 2023,1,Containers,17.87,17.87,18.23,0,17.87,0,1,,,13814.0,USD/MT,Fixed,,,13814.0,13602.93,USD/MT,,,,,,,1,,0,0.0,0,0,13814.0,,2468.56,1234.28,241919.06,37028.43,11741.9,1174.19,893.5,493.71,1234.28,0,246.86,0,0,0,0,0,Mountain View Imports,USD/MT,1.0,,0,,0,,0,,0,,0,2023-10-01,2023-10-31,,,,,,,,2023-10-01,System,0,,0.0,GBP,15.0,0
2024-01-29,CT2024010037,1,0,Asia Pacific Imports,Inland Warehousing,8738.77,7427.95,656805.95,UAE,,,,Cashew Kernels W240,Ivory Coast,,,2024,,CFR,Ivory Coast,Ivory Coast,UAE,UAE,CAD,Prompt,January 2024,4,Containers,75.16,75.16,76.66,0,75.16,0,4,,,8738.77,USD/MT,Fixed,,,8738.77,8943.08,USD/MT,,,,,,,1,,0,0.0,0,0,8738.77,,6568.06,3284.03,643669.83,98521.23,7427.95,742.8,3758.0,1313.61,3284.03,0,656.81,0,0,0,0,0,Asia Pacific Imports,USD/MT,1.0,,0,,0,,0,,0,,0,2024-01-29,2024-02-28,,,,,,,,2024-01-29,System,0,,0.0,EUR,15.0,0
2024-09-17,CT2024090038,1,1,Continental Distributors,Land Transport Group,13815.12,11742.85,783593.61,China,,,,Cashew Kernels LWP,Ghana,,,2024,,FOB,Ghana,Ghana,China,China,LC 90 days,Prompt,September 2024,3,Containers,56.72,56.72,57.85,0,0.0,0,0,,,13815.12,USD/MT,Fixed,,,13815.12,13164.01,USD/MT,,,,,,,1,,0,56.72,0,3,13815.12,,7835.94,3917.97,767921.74,117539.16,11742.85,1174.29,2836.0,1567.19,3917.97,0,783.59,0,0,0,0,0,Continental Distributors,USD/MT,1.0,,0,,0,,0,,0,,0,2024-09-17,2024-10-17,,,,,,,,2024-09-17,System,1,2024-10-31,766740.46,EUR,15.0,1
2023-01-08,CT2023010039,1,1,Continental Distributors,Express Freight Services,12173.09,10347.13,606950.27,Japan,,,,Cashew Kernels LWP,Nigeria,,,2023,,CFR,Nigeria,Nigeria,Japan,Japan,TT 30 days,Prompt,January 2023,3,Containers,49.86,49.86,50.86,0,0.0,0,0,,,12173.09,USD/MT,Fixed,,,12173.09,12240.26,USD/MT,,,,,,,0,,0,49.86,0,3,12173.09,,6069.5,3034.75,594811.26,91042.37,10347.13,1034.71,2493.0,1213.9,3034.75,0,606.95,0,0,0,0,0,Continental Distributors,USD/MT,1.0,,0,,0,,0,,0,,0,2023-01-08,2023-02-07,,,,,,,,2023-01-08,System,1,2023-02-04,579200.9,USD,15.0,1
2024-09-02,CT2024090040,1,1,Sunrise Trading LLC,Coastal Distribution,10830.81,9206.19,180657.91,Australia,,,,Cashew Kernels W240,Nigeria,,,2024,,CIF,Nigeria,Nigeria,Australia,Australia,LC 90 days,Prompt,September 2024,1,Containers,16.68,16.68,17.01,0,0.0,0,0,,,10830.81,USD/MT,Fixed,,,10830.81,11368.7,USD/MT,,,,,,,1,,0,16.68,0,1,10830.81,,1806.58,903.29,177044.75,27098.66,9206.19,920.62,834.0,361.32,903.29,0,180.66,0,0,0,0,0,Sunrise Trading LLC,USD/MT,1.0,,0,,0,,0,,0,,0,2024-09-02,2024-10-02,,,,,,,,2024-09-02,System,1,2024-10-17,176624.48,GBP,15.0,1
2023-12-22,CT2023120041,0,0,Golden Harvest Co.,Coastal Distribution,9348.09,7945.88,298858.44,France,,,,Cashew Kernels LWP,Ivory Coast,,,2023,,FOB,Ivory Coast,Ivory Coast,France,France,CAD,Prompt,December 2023,2,Containers,31.97,31.97,32.61,0,31.97,0,2,,,9348.09,USD/MT,Fixed,,,9348.09,9082.96,USD/MT,,,,,,,1,,0,0.0,0,0,9348.09,,2988.58,1494.29,292881.27,44828.66,7945.88,794.59,1598.5,597.72,1494.29,0,298.86,0,0,0,0,0,Golden Harvest Co.,USD/MT,1.0,,0,,0,,0,,0,,0,2023-12-22,2024-01-21,,,,,,,,2023-12-22,System,0,,0.0,GBP,15.0,0
2023-07-21,CT2023070042,0,0,Golden Harvest Co.,Quick Ship Logistics,10073.73,8562.67,189688.34,India,,,,Cashew Kernels LWP,Mozambique,,,2023,,CFR,Mozambique,Mozambique,India,India,LC 60 days,Prompt,July 2023,1,Containers,18.83,18.83,19.21,0,0.0,0,0,,,10073.73,USD/MT,Fixed,,,10073.73,10127.48,USD/MT,,,,,,,0,,0,18.83,0,1,10073.73,,1896.88,948.44,185894.57,28453.26,8562.67,856.27,941.5,379.38,948.44,0,189.69,0,0,0,0,0,Golden Harvest Co.,USD/MT,1.0,,0,,0,,0,,0,,0,2023-07-21,2023-08-20,,,,,,,,2023-07-21,System,1,2023-09-08,181404.49,EUR,15.0,1
2024-10-02,CT2024100043,0,0,Asia Pacific Imports,Warehouse Solutions Inc.,9290.55,7896.97,641512.48,Singapore,,,,Cashew Kernels BB,Ivory Coast,,,2024,,FOB,Ivory Coast,Ivory Coast,Singapore,Singapore,LC 90 days,Prompt,October 2024,4,Containers,69.05,69.05,70.43,0,0.0,0,0,,,9290.55,USD/MT,Fixed,,,9290.55,8966.99,USD/MT,,,,,,,1,,0,69.05,0,4,9290.55,,6415.12,3207.56,628682.23,96226.7,7896.97,789.7,3452.5,1283.02,3207.56,0,641.51,0,0,0,0,0,Asia Pacific Imports,USD/MT,1.0,,0,,0,,0,,0,,0,2024-10-02,2024-11-01,,,,,,,,2024-10-02,System,1,2024-10-21,622289.8,EUR,15.0,1
2022-06-24,CT2022060044,1,1,American Cashew Corp.,Port Logistics Ltd.,12328.93,10479.59,1102452.92,Canada,,,,Cashew Kernels Pieces,Nigeria,,,2022,,FCA,Nigeria,Nigeria,Canada,Canada,TT Advance,Prompt,June 2022,5,Containers,89.42,89.42,91.21,0,89.42,0,5,,,12328.93,USD/MT,Fixed,,,12328.93,12088.98,USD/MT,,,,,,,0,,0,0.0,0,0,12328.93,,11024.53,5512.26,1080403.86,165367.98,10479.59,1047.96,4471.0,2204.91,5512.26,0,1102.45,0,0,0,0,0,American Cashew Corp.,USD/MT,1.0,,0,,0,,0,,0,,0,2022-06-24,2022-07-24,,,,,,,,2022-06-24,System,0,,0.0,EUR,15.0,0
2022-07-23,CT2022070045,1,0,Blue Ocean Exports,Express Freight Services,9216.69,7834.19,148665.21,UAE,,,,Cashew Kernels LWP,India,,,2022,,FOB,India,India,UAE,UAE,LC 60 days,Prompt,July 2022,1,Containers,16.13,16.13,16.45,0,0.0,0,0,,,9216.69,USD/MT,Fixed,,,9216.69,8969.2,USD/MT,,,,,,,1,,0,16.13,0,1,9216.69,,1486.65,743.33,145691.91,22299.73,7834.19,783.42,806.5,297.33,743.33,0,148.67,0,0,0,0,0,Blue Ocean Exports,USD/MT,1.0,,0,,0,,0,,0,,0,2022-07-23,2022-08-22,,,,,,,,2022-07-23,System,1,2022-09-20,145645.9,USD,15.0,1
2024-07-18,CT2024070046,1,1,Asia Pacific Imports,Express Freight Services,9573.67,8137.62,611183.09,Brazil,,,,Cashew Kernels SW,Ivory Coast,,,2024,,CIF,Ivory Coast,Ivory Coast,Brazil,Brazil,LC 90 days,Prompt,July 2024,4,Containers,63.84,63.84,65.12,0,0.0,0,0,,,9573.67,USD/MT,Fixed,,,9573.67,9214.04,USD/MT,,,,,,,1,,0,63.84,0,4,9573.67,,6111.83,3055.92,598959.43,91677.43,8137.62,813.76,3192.0,1222.37,3055.92,0,611.18,0,0,0,0,0,Asia Pacific Imports,USD/MT,1.0,,0,,0,,0,,0,,0,2024-07-18,2024-08-17,,,,,,,,2024-07-18,System,1,2024-08-12,604845.99,USD,15.0,1
2024-04-04,CT2024040047,0,1,Middle East Trading,Inland Warehousing,14225.96,12092.07,254502.42,Canada,,,,Cashew Kernels BB,Tanzania,,,2024,,CFR,Tanzania,Tanzania,Canada,Canada,TT 30 days,Prompt,April 2024,1,Containers,17.89,17.89,18.25,0,0.0,0,0,,,14225.96,USD/MT,Fixed,,,14225.96,14334.43,USD/MT,,,,,,,0,,0,17.89,0,1,14225.96,,2545.02,1272.51,249412.37,38175.29,12092.07,1209.21,894.5,509.0,1272.51,0,254.5,0,0,0,0,0,Middle East Trading,USD/MT,1.0,,0,,0,,0,,0,,0,2024-04-04,2024-05-04,,,,,,,,2024-04-04,System,1,2024-05-03,254017.73,EUR,15.0,1
2024-08-21,CT2024080048,0,1,Ocean Trade Partners,Coastal Distribution,13699.71,11644.75,1181189.0,Brazil,,,,Cashew Kernels W450,Ivory Coast,,,2024,,FOB,Ivory Coast,Ivory Coast,Brazil,Brazil,TT Advance,Prompt,August 2024,5,Containers,86.22,86.22,87.94,0,0.0,0,0,,,13699.71,USD/MT,Fixed,,,13699.71,13578.67,USD/MT,,,,,,,1,,0,86.22,0,5,13699.71,,11811.89,5905.94,1157565.22,177178.66,11644.75,1164.48,4311.0,2362.38,5905.94,0,1181.19,0,0,0,0,0,Ocean Trade Partners,USD/MT,1.0,,0,,0,,0,,0,,0,2024-08-21,2024-09-20,,,,,,,,2024-08-21,System,1,2024-09-25,1161707.27,EUR,15.0,1
2023-08-14,CT2023080049,0,1,Sunrise Trading LLC,Land Transport Group,9766.79,8301.77,619312.15,China,,,,Cashew Kernels W240,Nigeria,,,2023,,FOB,Nigeria,Nigeria,China,China,TT Advance,Prompt,August 2023,4,Containers,63.41,63.41,64.68,0,63.41,0,4,,,9766.79,USD/MT,Fixed,,,9766.79,9682.06,USD/MT,,,,,,,0,,0,0.0,0,0,9766.79,,6193.12,3096.56,606925.91,92896.91,8301.77,830.18,3170.5,1238.62,3096.56,0,619.31,0,0,0,0,0,Sunrise Trading LLC,USD/MT,1.0,,0,,0,,0,,0,,0,2023-08-14,2023-09-13,,,,,,,,2023-08-14,System,0,,0.0,GBP,15.0,0
2024-11-27,CT2024110050,0,0,African Export Group,Quick Ship Logistics,11844.54,10067.86,193184.45,India,,,,Cashew Kernels BB,Tanzania,,,2024,,CFR,Tanzania,Tanzania,India,India,TT Advance,Prompt,November 2024,1,Containers,16.31,16.31,16.64,0,0.0,0,0,,,11844.54,USD/MT,Fixed,,,11844.54,11620.38,USD/MT,,,,,,,0,,0,16.31,0,1,11844.54,,1931.84,965.92,189320.76,28977.65,10067.86,1006.79,815.5,386.37,965.92,0,193.18,0,0,0,0,0,African Export Group,USD/MT,1.0,,0,,0,,0,,0,,0,2024-11-27,2024-12-27,,,,,,,,2024-11-27,System,1,2024-12-13,192925.07,GBP,15.0,1
2024-04-15,CT2024040051,0,1,Asia Pacific Imports,Express Freight Services,9077.8,7716.13,164217.4,China,,,,Cashew Kernels BB,Vietnam,,,2024,,CFR,Vietnam,Vietnam,China,China,TT 30 days,Prompt,April 2024,1,Containers,18.09,18.09,18.45,0,0.0,0,0,,,9077.8,USD/MT,Fixed,,,9077.8,9124.34,USD/MT,,,,,,,1,,0,18.09,0,1,9077.8,,1642.17,821.09,160933.05,24632.61,7716.13,771.61,904.5,328.43,821.09,0,164.22,0,0,0,0,0,Asia Pacific Imports,USD/MT,1.0,,0,,0,,0,,0,,0,2024-04-15,2024-05-15,,,,,,,,2024-04-15,System,1,2024-05-30,164055.19,GBP,15.0,1
2023-01-26,CT2023010052,1,1,Royal Nut Company,Quick Ship Logistics,13530.04,11500.53,224598.66,Canada,,,,Cashew Kernels W450,Ghana,,,2023,,EXW,Ghana,Ghana,Canada,Canada,LC 90 days,Prompt,January 2023,1,Containers,16.6,16.6,16.93,0,0.0,0,0,,,13530.04,USD/MT,Fixed,,,13530.04,14024.24,USD/MT,,,,,,,1,,0,16.6,0,1,13530.04,,2245.99,1122.99,220106.69,33689.86,11500.53,1150.05,830.0,449.2,1122.99,0,224.6,0,0,0,0,0,Royal Nut Company,USD/MT,1.0,,0,,0,,0,,0,,0,2023-01-26,2023-02-25,,,,,,,,2023-01-26,System,1,2023-02-10,216544.99,GBP,15.0,1
2024-09-18,CT2024090053,1,1,African Export Group,Air Cargo International,14087.21,11974.13,1083729.07,Canada,,,,Cashew Kernels Pieces,Nigeria,,,2024,,CIF,Nigeria,Nigeria,Canada,Canada,TT 30 days,Prompt,September 2024,4,Containers,76.93,76.93,78.47,0,0.0,0,0,,,14087.21,USD/MT,Fixed,,,14087.21,13926.73,USD/MT,,,,,,,0,,0,76.93,0,4,14087.21,,10837.29,5418.65,1062054.49,162559.25,11974.13,1197.41,3846.5,2167.46,5418.65,0,1083.73,0,0,0,0,0,African Export Group,USD/MT,1.0,,0,,0,,0,,0,,0,2024-09-18,2024-10-18,,,,,,,,2024-09-18,System,1,2024-10-29,1031907.71,EUR,15.0,1
2024-10-11,CT2024100054,1,0,Global Trading Co.,Global Storage Co.,11082.14,9419.82,210560.66,Canada,,,,Cashew Kernels Splits,Mozambique,,,2024,,FCA,Mozambique,Mozambique,Canada,Canada,TT Advance,Prompt,October 2024,1,Containers,19.0,19.0,19.38,0,19.0,0,1,,,11082.14,USD/MT,Fixed,,,11082.14,10610.96,USD/MT,,,,,,,1,,0,0.0,0,0,11082.14,,2105.61,1052.8,206349.45,31584.08,9419.82,941.98,950.0,421.12,1052.8,0,210.56,0,0,0,0,0,Global Trading Co.,USD/MT,1.0,,0,,0,,0,,0,,0,2024-10-11,2024-11-10,,,,,,,,2024-10-11,System,0,,0.0,USD,15.0,0
2023-11-25,CT2023110055,1,0,Mountain View Imports,Land Transport Group,10216.63,8684.14,869435.21,UAE,,,,Cashew Kernels Splits,Vietnam,,,2023,,EXW,Vietnam,Vietnam,UAE,UAE,TT 30 days,Prompt,November 2023,5,Containers,85.1,85.1,86.8,0,0.0,0,0,,,10216.63,USD/MT,Fixed,,,10216.63,10468.74,USD/MT,,,,,,,1,,0,85.1,0,5,10216.63,,8694.35,4347.18,852046.51,130414.9,8684.14,868.41,4255.0,1738.87,4347.18,0,869.44,0,0,0,0,0,Mountain View Imports,USD/MT,1.0,,0,,0,,0,,0,,0,2023-11-25,2023-12-25,,,,,,,,2023-11-25,System,1,2023-12-25,853401.13,USD,15.0,1
2022-07-21,CT2022070056,0,0,Blue Ocean Exports,Port Logistics Ltd.,13573.0,11537.05,212824.64,Australia,,,,Cashew Kernels LWP,India,,,2022,,CFR,India,India,Australia,Australia,LC 90 days,Prompt,July 2022,1,Containers,15.68,15.68,15.99,0,0.0,0,0,,,13573.0,USD/MT,Fixed,,,13573.0,13131.97,USD/MT,,,,,,,1,,0,15.68,0,1,13573.0,,2128.25,1064.12,208568.15,31923.7,11537.05,1153.7,784.0,425.65,1064.12,0,212.82,0,0,0,0,0,Blue Ocean Exports,USD/MT,1.0,,0,,0,,0,,0,,0,2022-07-21,2022-08-20,,,,,,,,2022-07-21,System,1,2022-08-20,207835.67,EUR,15.0,1
2023-05-09,CT2023050057,1,1,Continental Distributors,Quick Ship Logistics,12667.89,10767.71,658856.96,Netherlands,,,,Cashew Kernels BB,India,,,2023,,EXW,India,India,Netherlands,Netherlands,LC 90 days,Prompt,May 2023,3,Containers,52.01,52.01,53.05,0,0.0,0,0,,,12667.89,USD/MT,Fixed,,,12667.89,12843.9,USD/MT,,,,,,,1,,0,52.01,0,3,12667.89,,6588.57,3294.28,645679.82,98828.36,10767.71,1076.77,2600.5,1317.71,3294.28,0,658.86,0,0,0,0,0,Continental Distributors,USD/MT,1.0,,0,,0,,0,,0,,0,2023-05-09,2023-06-08,,,,,,,,2023-05-09,System,1,2023-05-28,640465.95,GBP,15.0,1
2023-05-28,CT2023050058,0,0,Continental Distributors,Maritime Shipping Corp.,12003.46,10202.94,197456.92,United Kingdom,,,,Cashew Kernels BB,Tanzania,,,2023,,FCA,Tanzania,Tanzania,United Kingdom,United Kingdom,LC 90 days,Prompt,May 2023,1,Containers,16.45,16.45,16.78,0,0.0,0,0,,,12003.46,USD/MT,Fixed,,,12003.46,12496.34,USD/MT,,,,,,,1,,0,16.45,0,1,12003.46,,1974.57,987.28,193507.78,29618.56,10202.94,1020.29,822.5,394.91,987.28,0,197.46,0,0,0,0,0,Continental Distributors,USD/MT,1.0,,0,,0,,0,,0,,0,2023-05-28,2023-06-27,,,,,,,,2023-05-28,System,1,2023-07-24,191491.8,GBP,15.0,1
2023-08-10,CT2023080059,0,1,Blue Ocean Exports,Express Freight Services,12346.24,10494.3,445575.8,Singapore,,,,Cashew Kernels Splits,Nigeria,,,2023,,CIF,Nigeria,Nigeria,Singapore,Singapore,CAD,Prompt,August 2023,2,Containers,36.09,36.09,36.81,0,36.09,0,2,,,12346.24,USD/MT,Fixed,,,12346.24,12702.57,USD/MT,,,,,,,0,,0,0.0,0,0,12346.24,,4455.76,2227.88,436664.28,66836.51,10494.3,1049.43,1804.5,891.15,2227.88,0,445.58,0,0,0,0,0,Blue Ocean Exports,USD/MT,1.0,,0,,0,,0,,0,,0,2023-08-10,2023-09-09,,,,,,,,2023-08-10,System,0,,0.0,USD,15.0,0
2024-01-18,CT2024010060,1,1,Golden Harvest Co.,Global Storage Co.,8925.12,7586.35,578437.03,Germany,,,,Cashew Kernels Splits,Ivory Coast,,,2024,,FCA,Ivory Coast,Ivory Coast,Germany,Germany,LC 90 days,Prompt,January 2024,4,Containers,64.81,64.81,66.11,0,0.0,0,0,,,8925.12,USD/MT,Fixed,,,8925.12,9342.27,USD/MT,,,,,,,1,,0,64.81,0,4,8925.12,,5784.37,2892.19,566868.29,86765.69,7586.35,758.64,3240.5,1156.87,2892.19,0,578.44,0,0,0,0,0,Golden Harvest Co.,USD/MT,1.0,,0,,0,,0,,0,,0,2024-01-18,2024-02-17,,,,,,,,2024-01-18,System,1,2024-02-19,573533.98,GBP,15.0,1
2023-11-25,CT2023110061,0,1,Blue Ocean Exports,Port Logistics Ltd.,13069.52,11109.09,495073.42,Australia,,,,Cashew Kernels W450,Vietnam,,,2023,,EXW,Vietnam,Vietnam,Australia,Australia,TT 30 days,Prompt,November 2023,2,Containers,37.88,37.88,38.64,0,0.0,0,0,,,13069.52,USD/MT,Fixed,,,13069.52,12897.77,USD/MT,,,,,,,1,,0,37.88,0,2,13069.52,,4950.73,2475.37,485171.95,74261.09,11109.09,1110.91,1894.0,990.15,2475.37,0,495.07,0,0,0,0,0,Blue Ocean Exports,USD/MT,1.0,,0,,0,,0,,0,,0,2023-11-25,2023-12-25,,,,,,,,2023-11-25,System,1,2024-01-04,470664.29,EUR,15.0,1
2024-02-20,CT2024020062,1,1,Green Valley Foods,Air Cargo International,14189.64,12061.19,885433.54,Germany,,,,Cashew Kernels SW,Ghana,,,2024,,FCA,Ghana,Ghana,Germany,Germany,LC 90 days,Prompt,February 2024,4,Containers,62.4,62.4,63.65,0,0.0,0,0,,,14189.64,USD/MT,Fixed,,,14189.64,14401.41,USD/MT,,,,,,,0,,0,62.4,0,4,14189.64,,8854.34,4427.17,867724.87,132815.28,12061.19,1206.12,3120.0,1770.87,4427.17,0,885.43,0,0,0,0,0,Green Valley Foods,USD/MT,1.0,,0,,0,,0,,0,,0,2024-02-20,2024-03-21,,,,,,,,2024-02-20,System,1,2024-03-10,869292.26,GBP,15.0,1
2022-10-14,CT2022100063,1,0,Global Trading Co.,Warehouse Solutions Inc.,11762.83,9998.41,193380.93,France,,,,Cashew Kernels W320,Tanzania,,,2022,,EXW,Tanzania,Tanzania,France,France,TT Advance,Prompt,October 2022,1,Containers,16.44,16.44,16.77,0,0.0,0,0,,,11762.83,USD/MT,Fixed,,,11762.83,12216.19,USD/MT,,,,,,,0,,0,16.44,0,1,11762.83,,1933.81,966.9,189513.31,29007.07,9998.41,999.84,822.0,386.76,966.9,0,193.38,0,0,0,0,0,Global Trading Co.,USD/MT,1.0,,0,,0,,0,,0,,0,2022-10-14,2022-11-13,,,,,,,,2022-10-14,System,1,2022-12-12,192858.55,EUR,15.0,1
2024-09-29,CT2024090064,1,1,Mountain View Imports,Land Transport Group,14653.89,12455.81,506291.9,France,,,,Cashew Kernels Splits,Vietnam,,,2024,,CFR,Vietnam,Vietnam,France,France,LC 30 days,Prompt,September 2024,2,Containers,34.55,34.55,35.24,0,0.0,0,0,,,14653.89,USD/MT,Fixed,,,14653.89,14199.34,USD/MT,,,,,,,0,,0,34.55,0,2,14653.89,,5062.92,2531.46,496166.06,75943.66,12455.81,1245.58,1727.5,1012.58,2531.46,0,506.29,0,0,0,0,0,Mountain View Imports,USD/MT,1.0,,0,,0,,0,,0,,0,2024-09-29,2024-10-29,,,,,,,,2024-09-29,System,1,2024-11-24,490056.99,GBP,15.0,1
2024-07-20,CT2024070065,0,0,Asia Pacific Imports,Express Freight Services,9704.98,8249.23,180997.88,UAE,,,,Cashew Kernels W240,Ghana,,,2024,,CIF,Ghana,Ghana,UAE,UAE,TT 30 days,Prompt,July 2024,1,Containers,18.65,18.65,19.02,0,0.0,0,0,,,9704.98,USD/MT,Fixed,,,9704.98,9538.6,USD/MT,,,,,,,0,,0,18.65,0,1,9704.98,,1809.98,904.99,177377.92,27149.74,8249.23,824.92,932.5,362.0,904.99,0,181.0,0,0,0,0,0,Asia Pacific Imports,USD/MT,1.0,,0,,0,,0,,0,,0,2024-07-20,2024-08-19,,,,,,,,2024-07-20,System,1,2024-09-08,173822.74,USD,15.0,1
2022-01-06,CT2022010066,0,1,Middle East Trading,Global Storage Co.,14065.14,11955.37,448396.66,Netherlands,,,,Cashew Kernels LWP,Mozambique,,,2022,,CIF,Mozambique,Mozambique,Netherlands,Netherlands,LC 30 days,Prompt,January 2022,2,Containers,31.88,31.88,32.52,0,31.88,0,2,,,14065.14,USD/MT,Fixed,,,14065.14,13384.08,USD/MT,,,,,,,1,,0,0.0,0,0,14065.14,,4483.97,2241.98,439428.73,67259.46,11955.37,1195.54,1594.0,896.79,2241.98,0,448.4,0,0,0,0,0,Middle East Trading,USD/MT,1.0,,0,,0,,0,,0,,0,2022-01-06,2022-02-05,,,,,,,,2022-01-06,System,0,,0.0,EUR,15.0,0
2022-04-18,CT2022040067,1,1,Euro Nuts Ltd.,Land Transport Group,10534.27,8954.13,728655.46,Canada,,,,Cashew Kernels W320,Vietnam,,,2022,,FCA,Vietnam,Vietnam,Canada,Canada,LC 30 days,Prompt,April 2022,4,Containers,69.17,69.17,70.55,0,0.0,0,0,,,10534.27,USD/MT,Fixed,,,10534.27,10685.27,USD/MT,,,,,,,0,,0,69.17,0,4,10534.27,,7286.55,3643.28,714082.35,109298.29,8954.13,895.41,3458.5,1457.31,3643.28,0,728.66,0,0,0,0,0,Euro Nuts Ltd.,USD/MT,1.0,,0,,0,,0,,0,,0,2022-04-18,2022-05-18,,,,,,,,2022-04-18,System,1,2022-06-11,693802.6,EUR,15.0,1
2022-05-05,CT2022050068,1,1,Continental Distributors,Land Transport Group,11104.94,9439.2,815102.6,South Korea,,,,Cashew Kernels W320,Ghana,,,2022,,FOB,Ghana,Ghana,South Korea,South Korea,LC 90 days,Prompt,May 2022,4,Containers,73.4,73.4,74.87,0,0.0,0,0,,,11104.94,USD/MT,Fixed,,,11104.94,11654.22,USD/MT,,,,,,,1,,0,73.4,0,4,11104.94,,8151.03,4075.51,798800.55,122265.32,9439.2,943.92,3670.0,1630.21,4075.51,0,815.1,0,0,0,0,0,Continental Distributors,USD/MT,1.0,,0,,0,,0,,0,,0,2022-05-05,2022-06-04,,,,,,,,2022-05-05,System,1,2022-05-28,785555.78,GBP,15.0,1
2024-07-18,CT2024070069,0,1,Ocean Trade Partners,Quick Ship Logistics,9505.16,8079.39,873714.31,South Korea,,,,Cashew Kernels W320,Vietnam,,,2024,,EXW,Vietnam,Vietnam,South Korea,South Korea,LC 60 days,Prompt,July 2024,5,Containers,91.92,91.92,93.76,0,0.0,0,0,,,9505.16,USD/MT,Fixed,,,9505.16,9435.55,USD/MT,,,,,,,1,,0,91.92,0,5,9505.16,,8737.14,4368.57,856240.02,131056.78,8079.39,807.94,4596.0,1747.43,4368.57,0,873.71,0,0,0,0,0,Ocean Trade Partners,USD/MT,1.0,,0,,0,,0,,0,,0,2024-07-18,2024-08-17,,,,,,,,2024-07-18,System,1,2024-08-31,847447.41,EUR,15.0,1
2024-02-06,CT2024020070,0,1,Euro Nuts Ltd.,Coastal Distribution,13212.12,11230.3,227644.83,Germany,,,,Cashew Kernels W320,Vietnam,,,2024,,CFR,Vietnam,Vietnam,Germany,Germany,LC 60 days,Prompt,February 2024,1,Containers,17.23,17.23,17.57,0,0.0,0,0,,,13212.12,USD/MT,Fixed,,,13212.12,13018.69,USD/MT,,,,,,,1,,0,17.23,0,1,13212.12,,2276.45,1138.22,223091.93,34146.76,11230.3,1123.03,861.5,455.29,1138.22,0,227.64,0,0,0,0,0,Euro Nuts Ltd.,USD/MT,1.0,,0,,0,,0,,0,,0,2024-02-06,2024-03-07,,,,,,,,2024-02-06,System,1,2024-03-27,222655.8,GBP,15.0,1
2022-04-16,CT2022040071,1,0,Middle East Trading,Quick Ship Logistics,9083.11,7720.64,796134.59,France,,,,Cashew Kernels W320,Ivory Coast,,,2022,,EXW,Ivory Coast,Ivory Coast,France,France,LC 60 days,Prompt,April 2022,5,Containers,87.65,87.65,89.4,0,0.0,0,0,,,9083.11,USD/MT,Fixed,,,9083.11,9362.16,USD/MT,,,,,,,0,,0,87.65,0,5,9083.11,,7961.35,3980.67,780211.9,119420.49,7720.64,772.06,4382.5,1592.27,3980.67,0,796.13,0,0,0,0,0,Middle East Trading,USD/MT,1.0,,0,,0,,0,,0,,0,2022-04-16,2022-05-16,,,,,,,,2022-04-16,System,1,2022-06-05,770959.26,USD,15.0,1
2023-07-02,CT2023070072,0,0,Global Trading Co.,Global Storage Co.,9269.84,7879.36,470073.59,France,,,,Cashew Kernels LWP,Ghana,,,2023,,CIF,Ghana,Ghana,France,France,TT 30 days,Prompt,July 2023,3,Containers,50.71,50.71,51.72,0,0.0,0,0,,,9269.84,USD/MT,Fixed,,,9269.84,9497.98,USD/MT,,,,,,,0,,0,50.71,0,3,9269.84,,4700.74,2350.37,460672.12,70511.24,7879.36,787.94,2535.5,940.15,2350.37,0,470.07,0,0,0,0,0,Global Trading Co.,USD/MT,1.0,,0,,0,,0,,0,,0,2023-07-02,2023-08-01,,,,,,,,2023-07-02,System,1,2023-07-26,463985.41,GBP,15.0,1
2024-02-10,CT2024020073,0,0,Pacific Rim Foods,Coastal Distribution,13437.85,11422.17,741231.81,Japan,,,,Cashew Kernels Splits,India,,,2024,,FCA,India,India,Japan,Japan,TT 30 days,Prompt,February 2024,3,Containers,55.16,55.16,56.26,0,55.16,0,3,,,13437.85,USD/MT,Fixed,,,13437.85,13779.76,USD/MT,,,,,,,0,,0,0.0,0,0,13437.85,,7412.32,3706.16,726407.17,111184.91,11422.17,1142.22,2758.0,1482.46,3706.16,0,741.23,0,0,0,0,0,Pacific Rim Foods,USD/MT,1.0,,0,,0,,0,,0,,0,2024-02-10,2024-03-11,,,,,,,,2024-02-10,System,0,,0.0,USD,15.0,0
2022-06-17,CT2022060074,1,1,Middle East Trading,Coastal Distribution,9912.17,8425.34,855816.76,UAE,,,,Cashew Kernels BB,Tanzania,,,2022,,FCA,Tanzania,Tanzania,UAE,UAE,LC 30 days,Prompt,June 2022,5,Containers,86.34,86.34,88.07,0,0.0,0,0,,,9912.17,USD/MT,Fixed,,,9912.17,9461.58,USD/MT,,,,,,,1,,0,86.34,0,5,9912.17,,8558.17,4279.08,838700.42,128372.9,8425.34,842.53,4317.0,1711.63,4279.08,0,855.82,0,0,0,0,0,Middle East Trading,USD/MT,1.0,,0,,0,,0,,0,,0,2022-06-17,2022-07-17,,,,,,,,2022-06-17,System,1,2022-07-20,842047.43,EUR,15.0,1
2022-04-23,CT2022040075,0,1,Global Trading Co.,Express Freight Services,8839.89,7513.91,441729.3,France,,,,Cashew Kernels W450,India,,,2022,,EXW,India,India,France,France,CAD,Prompt,April 2022,3,Containers,49.97,49.97,50.97,0,0.0,0,0,,,8839.89,USD/MT,Fixed,,,8839.89,8461.61,USD/MT,,,,,,,0,,0,49.97,0,3,8839.89,,4417.29,2208.65,432894.71,66259.22,7513.91,751.39,2498.5,883.46,2208.65,0,441.73,0,0,0,0,0,Global Trading Co.,USD/MT,1.0,,0,,0,,0,,0,,0,2022-04-23,2022-05-23,,,,,,,,2022-04-23,System,1,2022-06-01,431405.7,EUR,15.0,1
2024-06-12,CT2024060076,1,1,Global Trading Co.,Coastal Distribution,10830.96,9206.32,932437.35,Brazil,,,,Cashew Kernels Splits,Vietnam,,,2024,,EXW,Vietnam,Vietnam,Brazil,Brazil,LC 90 days,Prompt,June 2024,5,Containers,86.09,86.09,87.81,0,0.0,0,0,,,10830.96,USD/MT,Fixed,,,10830.96,10384.87,USD/MT,,,,,,,0,,0,86.09,0,5,10830.96,,9324.37,4662.19,913788.6,139865.26,9206.32,920.63,4304.5,1864.87,4662.19,0,932.44,0,0,0,0,0,Global Trading Co.,USD/MT,1.0,,0,,0,,0,,0,,0,2024-06-12,2024-07-12,,,,,,,,2024-06-12,System,1,2024-07-17,893828.53,USD,15.0,1
2023-05-14,CT2023050077,0,1,Pacific Rim Foods,Quick Ship Logistics,13220.63,11237.54,1003842.44,South Korea,,,,Cashew Kernels W320,Mozambique,,,2023,,CIF,Mozambique,Mozambique,South Korea,South Korea,LC 90 days,Prompt,May 2023,4,Containers,75.93,75.93,77.45,0,0.0,0,0,,,13220.63,USD/MT,Fixed,,,13220.63,13023.77,USD/MT,,,,,,,0,,0,75.93,0,4,13220.63,,10038.42,5019.21,983765.59,150576.03,11237.54,1123.75,3796.5,2007.68,5019.21,0,1003.84,0,0,0,0,0,Pacific Rim Foods,USD/MT,1.0,,0,,0,,0,,0,,0,2023-05-14,2023-06-13,,,,,,,,2023-05-14,System,1,2023-07-08,959373.56,USD,15.0,1
2023-04-29,CT2023040078,1,1,Asia Pacific Imports,Global Storage Co.,13314.07,11316.96,1072581.48,France,,,,Cashew Kernels W450,India,,,2023,,FOB,India,India,France,France,LC 60 days,Prompt,April 2023,5,Containers,80.56,80.56,82.17,0,0.0,0,0,,,13314.07,USD/MT,Fixed,,,13314.07,13799.03,USD/MT,,,,,,,1,,0,80.56,0,5,13314.07,,10725.81,5362.91,1051129.85,160887.18,11316.96,1131.7,4028.0,2145.16,5362.91,0,1072.58,0,0,0,0,0,Asia Pacific Imports,USD/MT,1.0,,0,,0,,0,,0,,0,2023-04-29,2023-05-29,,,,,,,,2023-04-29,System,1,2023-06-19,1059703.91,GBP,15.0,1
2022-11-06,CT2022110079,1,0,Continental Distributors,Port Logistics Ltd.,10463.6,8894.06,560848.96,Australia,,,,Cashew Kernels LWP,Tanzania,,,2022,,FOB,Tanzania,Tanzania,Australia,Australia,LC 90 days,Prompt,November 2022,3,Containers,53.6,53.6,54.67,0,0.0,0,0,,,10463.6,USD/MT,Fixed,,,10463.6,10614.97,USD/MT,,,,,,,0,,0,53.6,0,3,10463.6,,5608.49,2804.24,549631.98,84127.34,8894.06,889.41,2680.0,1121.7,2804.24,0,560.85,0,0,0,0,0,Continental Distributors,USD/MT,1.0,,0,,0,,0,,0,,0,2022-11-06,2022-12-06,,,,,,,,2022-11-06,System,1,2022-11-24,543146.82,EUR,15.0,1
2024-11-04,CT2024110080,1,0,Pacific Rim Foods,Coastal Distribution,12001.6,10201.36,918602.46,Singapore,,,,Cashew Kernels W240,Mozambique,,,2024,,CIF,Mozambique,Mozambique,Singapore,Singapore,LC 90 days,Prompt,November 2024,4,Containers,76.54,76.54,78.07,0,0.0,0,0,,,12001.6,USD/MT,Fixed,,,12001.6,12374.81,USD/MT,,,,,,,1,,0,76.54,0,4,12001.6,,9186.02,4593.01,900230.41,137790.37,10201.36,1020.14,3827.0,1837.2,4593.01,0,918.6,0,0,0,0,0,Pacific Rim Foods,USD/MT,1.0,,0,,0,,0,,0,,0,2024-11-04,2024-12-04,,,,,,,,2024-11-04,System,1,2024-11-28,916660.64,GBP,15.0,1
2022-06-22,CT2022060081,0,1,Ocean Trade Partners,Global Storage Co.,12268.64,10428.34,863589.57,United States,,,,Cashew Kernels BB,India,,,2022,,CFR,India,India,United States,United States,LC 90 days,Prompt,June 2022,4,Containers,70.39,70.39,71.8,0,0.0,0,0,,,12268.64,USD/MT,Fixed,,,12268.64,11736.07,USD/MT,,,,,,,0,,0,70.39,0,4,12268.64,,8635.9,4317.95,846317.78,129538.72,10428.34,1042.83,3519.5,1727.18,4317.95,0,863.59,0,0,0,0,0,Ocean Trade Partners,USD/MT,1.0,,0,,0,,0,,0,,0,2022-06-22,2022-07-22,,,,,,,,2022-06-22,System,1,2022-07-28,849724.54,EUR,15.0,1
2024-03-02,CT2024030082,0,1,Middle East Trading,Maritime Shipping Corp.,12645.28,10748.49,600397.89,Saudi Arabia,,,,Cashew Kernels W450,Nigeria,,,2024,,CFR,Nigeria,Nigeria,Saudi Arabia,Saudi Arabia,LC 90 days,Prompt,March 2024,3,Containers,47.48,47.48,48.43,0,0.0,0,0,,,12645.28,USD/MT,Fixed,,,12645.28,12719.79,USD/MT,,,,,,,1,,0,47.48,0,3,12645.28,,6003.98,3001.99,588389.93,90059.58,10748.49,1074.85,2374.0,1200.8,3001.99,0,600.4,0,0,0,0,0,Middle East Trading,USD/MT,1.0,,0,,0,,0,,0,,0,2024-03-02,2024-04-01,,,,,,,,2024-03-02,System,1,2024-04-11,574249.11,GBP,15.0,1
2022-09-19,CT2022090083,1,0,Sunrise Trading LLC,Inland Warehousing,10538.18,8957.45,893005.37,Germany,,,,Cashew Kernels Pieces,Ghana,,,2022,,CIF,Ghana,Ghana,Germany,Germany,LC 60 days,Prompt,September 2022,5,Containers,84.74,84.74,86.43,0,84.74,0,5,,,10538.18,USD/MT,Fixed,,,10538.18,10250.01,USD/MT,,,,,,,0,,0,0.0,0,0,10538.18,,8930.05,4465.03,875145.26,133951.06,8957.45,895.75,4237.0,1786.01,4465.03,0,893.01,0,0,0,0,0,Sunrise Trading LLC,USD/MT,1.0,,0,,0,,0,,0,,0,2022-09-19,2022-10-19,,,,,,,,2022-09-19,System,0,,0.0,EUR,15.0,0
2022-11-14,CT2022110084,1,0,Asia Pacific Imports,Maritime Shipping Corp.,13845.84,11768.96,1286555.45,China,,,,Cashew Kernels W320,Nigeria,,,2022,,FCA,Nigeria,Nigeria,China,China,LC 30 days,Prompt,November 2022,5,Containers,92.92,92.92,94.78,0,0.0,0,0,,,13845.84,USD/MT,Fixed,,,13845.84,13378.19,USD/MT,,,,,,,0,,0,92.92,0,5,13845.84,,12865.55,6432.78,1260824.34,192983.69,11768.96,1176.9,4646.0,2573.11,6432.78,0,1286.56,0,0,0,0,0,Asia Pacific Imports,USD/MT,1.0,,0,,0,,0,,0,,0,2022-11-14,2022-12-14,,,,,,,,2022-11-14,System,1,2023-01-07,1230657.77,GBP,15.0,1
2024-06-15,CT2024060085,0,1,Global Trading Co.,Land Transport Group,13266.74,11276.73,952153.93,Japan,,,,Cashew Kernels SW,Ghana,,,2024,,EXW,Ghana,Ghana,Japan,Japan,LC 60 days,Prompt,June 2024,4,Containers,71.77,71.77,73.21,0,0.0,0,0,,,13266.74,USD/MT,Fixed,,,13266.74,13503.3,USD/MT,,,,,,,1,,0,71.77,0,4,13266.74,,9521.54,4760.77,933110.85,142823.02,11276.73,1127.67,3588.5,1904.31,4760.77,0,952.15,0,0,0,0,0,Global Trading Co.,USD/MT,1.0,,0,,0,,0,,0,,0,2024-06-15,2024-07-15,,,,,,,,2024-06-15,System,1,2024-07-30,947582.37,GBP,15.0,1
2024-08-03,CT2024080086,0,0,Blue Ocean Exports,Maritime Shipping Corp.,13608.81,11567.49,510874.73,India,,,,Cashew Kernels Pieces,Tanzania,,,2024,,CIF,Tanzania,Tanzania,India,India,LC 90 days,Prompt,August 2024,2,Containers,37.54,37.54,38.29,0,0.0,0,0,,,13608.81,USD/MT,Fixed,,,13608.81,13316.31,USD/MT,,,,,,,0,,0,37.54,0,2,13608.81,,5108.75,2554.37,500657.24,76631.16,11567.49,1156.75,1877.0,1021.75,2554.37,0,510.87,0,0,0,0,0,Blue Ocean Exports,USD/MT,1.0,,0,,0,,0,,0,,0,2024-08-03,2024-09-02,,,,,,,,2024-08-03,System,1,2024-09-10,499496.04,USD,15.0,1
2023-07-13,CT2023070087,0,1,Continental Distributors,Inland Warehousing,9554.27,8121.13,184301.87,Netherlands,,,,Cashew Kernels Pieces,Nigeria,,,2023,,EXW,Nigeria,Nigeria,Netherlands,Netherlands,LC 90 days,Prompt,July 2023,1,Containers,19.29,19.29,19.68,0,0.0,0,0,,,9554.27,USD/MT,Fixed,,,9554.27,10026.75,USD/MT,,,,,,,1,,0,19.29,0,1,9554.27,,1843.02,921.51,180615.83,27645.27,8121.13,812.11,964.5,368.6,921.51,0,184.3,0,0,0,0,0,Continental Distributors,USD/MT,1.0,,0,,0,,0,,0,,0,2023-07-13,2023-08-12,,,,,,,,2023-07-13,System,1,2023-08-22,179712.82,USD,15.0,1
2023-04-05,CT2023040088,1,1,Global Trading Co.,Air Cargo International,10008.16,8506.94,321261.94,Brazil,,,,Cashew Kernels Splits,Vietnam,,,2023,,EXW,Vietnam,Vietnam,Brazil,Brazil,CAD,Prompt,April 2023,2,Containers,32.1,32.1,32.74,0,32.1,0,2,,,10008.16,USD/MT,Fixed,,,10008.16,10123.6,USD/MT,,,,,,,0,,0,0.0,0,0,10008.16,,3212.62,1606.31,314836.7,48189.17,8506.94,850.69,1605.0,642.52,1606.31,0,321.26,0,0,0,0,0,Global Trading Co.,USD/MT,1.0,,0,,0,,0,,0,,0,2023-04-05,2023-05-05,,,,,,,,2023-04-05,System,0,,0.0,USD,15.0,0
2022-02-08,CT2022020089,0,1,Middle East Trading,Express Freight Services,9663.48,8213.96,179740.73,China,,,,Cashew Kernels Pieces,India,,,2022,,FOB,India,India,China,China,LC 30 days,Prompt,February 2022,1,Containers,18.6,18.6,18.97,0,0.0,0,0,,,9663.48,USD/MT,Fixed,,,9663.48,9756.96,USD/MT,,,,,,,0,,0,18.6,0,1,9663.48,,1797.41,898.7,176145.92,26961.07,8213.96,821.4,930.0,359.48,898.7,0,179.74,0,0,0,0,0,Middle East Trading,USD/MT,1.0,,0,,0,,0,,0,,0,2022-02-08,2022-03-10,,,,,,,,2022-02-08,System,1,2022-04-03,174861.79,USD,15.0,1
2024-11-21,CT2024110090,1,0,Mountain View Imports,Express Freight Services,10469.71,8899.25,649436.11,Saudi Arabia,,,,Cashew Kernels LWP,India,,,2024,,FCA,India,India,Saudi Arabia,Saudi Arabia,TT Advance,Prompt,November 2024,4,Containers,62.03,62.03,63.27,0,0.0,0,0,,,10469.71,USD/MT,Fixed,,,10469.71,10944.41,USD/MT,,,,,,,0,,0,62.03,0,4,10469.71,,6494.36,3247.18,636447.39,97415.63,8899.25,889.93,3101.5,1298.87,3247.18,0,649.44,0,0,0,0,0,Mountain View Imports,USD/MT,1.0,,0,,0,,0,,0,,0,2024-11-21,2024-12-21,,,,,,,,2024-11-21,System,1,2024-12-11,633962.79,USD,15.0,1
2024-03-10,CT2024030091,0,1,Green Valley Foods,Coastal Distribution,8113.7,6896.64,401952.7,United States,,,,Cashew Kernels Pieces,Ghana,,,2024,,FOB,Ghana,Ghana,United States,United States,LC 90 days,Prompt,March 2024,3,Containers,49.54,49.54,50.53,0,49.54,0,3,,,8113.7,USD/MT,Fixed,,,8113.7,7816.26,USD/MT,,,,,,,1,,0,0.0,0,0,8113.7,,4019.53,2009.76,393913.65,60293.15,6896.64,689.66,2477.0,803.91,2009.76,0,401.95,0,0,0,0,0,Green Valley Foods,USD/MT,1.0,,0,,0,,0,,0,,0,2024-03-10,2024-04-09,,,,,,,,2024-03-10,System,0,,0.0,USD,15.0,0
2023-11-25,CT2023110092,0,0,Green Valley Foods,Global Storage Co.,13680.48,11628.41,986499.41,China,,,,Cashew Kernels BB,Nigeria,,,2023,,FOB,Nigeria,Nigeria,China,China,CAD,Prompt,November 2023,4,Containers,72.11,72.11,73.55,0,0.0,0,0,,,13680.48,USD/MT,Fixed,,,13680.48,13428.21,USD/MT,,,,,,,1,,0,72.11,0,4,13680.48,,9864.99,4932.5,966769.42,147974.76,11628.41,1162.84,3605.5,1973.0,4932.5,0,986.5,0,0,0,0,0,Green Valley Foods,USD/MT,1.0,,0,,0,,0,,0,,0,2023-11-25,2023-12-25,,,,,,,,2023-11-25,System,1,2023-12-22,939335.18,EUR,15.0,1
2024-11-21,CT2024110093,1,1,Pacific Rim Foods,Inland Warehousing,14034.97,11929.72,467224.15,Australia,,,,Cashew Kernels W240,Ivory Coast,,,2024,,FOB,Ivory Coast,Ivory Coast,Australia,Australia,CAD,Prompt,November 2024,2,Containers,33.29,33.29,33.96,0,0.0,0,0,,,14034.97,USD/MT,Fixed,,,14034.97,14588.84,USD/MT,,,,,,,1,,0,33.29,0,2,14034.97,,4672.24,2336.12,457879.67,70083.77,11929.72,1192.97,1664.5,934.45,2336.12,0,467.22,0,0,0,0,0,Pacific Rim Foods,USD/MT,1.0,,0,,0,,0,,0,,0,2024-11-21,2024-12-21,,,,,,,,2024-11-21,System,1,2024-12-29,454070.65,EUR,15.0,1
2023-11-26,CT2023110094,1,0,Euro Nuts Ltd.,Coastal Distribution,8578.28,7291.54,710538.93,Saudi Arabia,,,,Cashew Kernels Splits,Tanzania,,,2023,,EXW,Tanzania,Tanzania,Saudi Arabia,Saudi Arabia,LC 30 days,Prompt,November 2023,5,Containers,82.83,82.83,84.49,0,0.0,0,0,,,8578.28,USD/MT,Fixed,,,8578.28,8218.05,USD/MT,,,,,,,1,,0,82.83,0,5,8578.28,,7105.39,3552.69,696328.15,106580.67,7291.54,729.15,4141.5,1421.08,3552.69,0,710.54,0,0,0,0,0,Euro Nuts Ltd.,USD/MT,1.0,,0,,0,,0,,0,,0,2023-11-26,2023-12-26,,,,,,,,2023-11-26,System,1,2023-12-22,694391.02,EUR,15.0,1
2023-09-20,CT2023090095,1,1,Continental Distributors,Quick Ship Logistics,8296.49,7052.02,561008.65,Saudi Arabia,,,,Cashew Kernels W450,Tanzania,,,2023,,CFR,Tanzania,Tanzania,Saudi Arabia,Saudi Arabia,TT 30 days,Prompt,September 2023,4,Containers,67.62,67.62,68.97,0,0.0,0,0,,,8296.49,USD/MT,Fixed,,,8296.49,8307.35,USD/MT,,,,,,,0,,0,67.62,0,4,8296.49,,5610.09,2805.04,549788.48,84151.06,7052.02,705.2,3381.0,1122.02,2805.04,0,561.01,0,0,0,0,0,Continental Distributors,USD/MT,1.0,,0,,0,,0,,0,,0,2023-09-20,2023-10-20,,,,,,,,2023-09-20,System,1,2023-10-08,535063.15,EUR,15.0,1
2022-03-05,CT2022030096,0,0,Euro Nuts Ltd.,Quick Ship Logistics,9651.97,8204.17,154431.52,UAE,,,,Cashew Kernels BB,Nigeria,,,2022,,CFR,Nigeria,Nigeria,UAE,UAE,LC 90 days,Prompt,March 2022,1,Containers,16.0,16.0,16.32,0,16.0,0,1,,,9651.97,USD/MT,Fixed,,,9651.97,9824.8,USD/MT,,,,,,,1,,0,0.0,0,0,9651.97,,1544.32,772.16,151342.89,23164.8,8204.17,820.42,800.0,308.86,772.16,0,154.43,0,0,0,0,0,Euro Nuts Ltd.,USD/MT,1.0,,0,,0,,0,,0,,0,2022-03-05,2022-04-04,,,,,,,,2022-03-05,System,0,,0.0,EUR,15.0,0
2024-02-01,CT2024020097,0,1,Continental Distributors,Port Logistics Ltd.,9950.83,8458.21,667004.13,Singapore,,,,Cashew Kernels Splits,India,,,2024,,FOB,India,India,Singapore,Singapore,LC 30 days,Prompt,February 2024,4,Containers,67.03,67.03,68.37,0,0.0,0,0,,,9950.83,USD/MT,Fixed,,,9950.83,10224.44,USD/MT,,,,,,,1,,0,67.03,0,4,9950.83,,6670.04,3335.02,653664.05,100050.31,8458.21,845.82,3351.5,1334.01,3335.02,0,667.0,0,0,0,0,0,Continental Distributors,USD/MT,1.0,,0,,0,,0,,0,,0,2024-02-01,2024-03-02,,,,,,,,2024-02-01,System,1,2024-03-20,646560.03,GBP,15.0,1
2023-03-16,CT2023030098,1,1,Mountain View Imports,Maritime Shipping Corp.,8518.36,7240.61,136634.49,Saudi Arabia,,,,Cashew Kernels SW,Tanzania,,,2023,,CIF,Tanzania,Tanzania,Saudi Arabia,Saudi Arabia,CAD,Prompt,March 2023,1,Containers,16.04,16.04,16.36,0,16.04,0,1,,,8518.36,USD/MT,Fixed,,,8518.36,8696.85,USD/MT,,,,,,,1,,0,0.0,0,0,8518.36,,1366.34,683.17,133901.8,20495.11,7240.61,724.06,802.0,273.27,683.17,0,136.63,0,0,0,0,0,Mountain View Imports,USD/MT,1.0,,0,,0,,0,,0,,0,2023-03-16,2023-04-15,,,,,,,,2023-03-16,System,0,,0.0,EUR,15.0,0
2023-09-07,CT2023090099,0,1,Green Valley Foods,Global Storage Co.,8849.54,7522.11,465574.3,Saudi Arabia,,,,Cashew Kernels W450,Ghana,,,2023,,CIF,Ghana,Ghana,Saudi Arabia,Saudi Arabia,LC 60 days,Prompt,September 2023,3,Containers,52.61,52.61,53.66,0,52.61,0,3,,,8849.54,USD/MT,Fixed,,,8849.54,8897.35,USD/MT,,,,,,,1,,0,0.0,0,0,8849.54,,4655.74,2327.87,456262.81,69836.09,7522.11,752.21,2630.5,931.15,2327.87,0,465.57,0,0,0,0,0,Green Valley Foods,USD/MT,1.0,,0,,0,,0,,0,,0,2023-09-07,2023-10-07,,,,,,,,2023-09-07,System,0,,0.0,USD,15.0,0
2024-08-15,CT2024080100,0,0,Blue Ocean Exports,Inland Warehousing,14997.17,12747.59,251052.63,Netherlands,,,,Cashew Kernels W320,Mozambique,,,2024,,EXW,Mozambique,Mozambique,Netherlands,Netherlands,TT 30 days,Prompt,August 2024,1,Containers,16.74,16.74,17.07,0,16.74,0,1,,,14997.17,USD/MT,Fixed,,,14997.17,15705.61,USD/MT,,,,,,,0,,0,0.0,0,0,14997.17,,2510.53,1255.26,246031.58,37657.97,12747.59,1274.76,837.0,502.11,1255.26,0,251.05,0,0,0,0,0,Blue Ocean Exports,USD/MT,1.0,,0,,0,,0,,0,,0,2024-08-15,2024-09-14,,,,,,,,2024-08-15,System,0,,0.0,EUR,15.0,0
2024-07-10,CT2024070101,0,1,Continental Distributors,Inland Warehousing,14374.99,12218.74,495362.16,Japan,,,,Cashew Kernels W450,India,,,2024,,FOB,India,India,Japan,Japan,LC 30 days,Prompt,July 2024,2,Containers,34.46,34.46,35.15,0,0.0,0,0,,,14374.99,USD/MT,Fixed,,,14374.99,15018.25,USD/MT,,,,,,,1,,0,34.46,0,2,14374.99,,4953.62,2476.81,485454.92,74304.38,12218.74,1221.87,1723.0,990.72,2476.81,0,495.36,0,0,0,0,0,Continental Distributors,USD/MT,1.0,,0,,0,,0,,0,,0,2024-07-10,2024-08-09,,,,,,,,2024-07-10,System,1,2024-08-04,474605.67,GBP,15.0,1
2022-06-11,CT2022060102,1,0,Middle East Trading,Express Freight Services,12301.0,10455.85,442836.0,UAE,,,,Cashew Kernels LWP,Mozambique,,,2022,,FOB,Mozambique,Mozambique,UAE,UAE,TT 30 days,Prompt,June 2022,2,Containers,36.0,36.0,36.72,0,0.0,0,0,,,12301.0,USD/MT,Fixed,,,12301.0,12701.07,USD/MT,,,,,,,0,,0,36.0,0,2,12301.0,,4428.36,2214.18,433979.28,66425.4,10455.85,1045.59,1800.0,885.67,2214.18,0,442.84,0,0,0,0,0,Middle East Trading,USD/MT,1.0,,0,,0,,0,,0,,0,2022-06-11,2022-07-11,,,,,,,,2022-06-11,System,1,2022-08-02,424108.34,GBP,15.0,1
2022-06-16,CT2022060103,1,1,Global Trading Co.,Quick Ship Logistics,12472.94,10602.0,1070552.44,France,,,,Cashew Kernels SW,Ghana,,,2022,,EXW,Ghana,Ghana,France,France,CAD,Prompt,June 2022,5,Containers,85.83,85.83,87.55,0,0.0,0,0,,,12472.94,USD/MT,Fixed,,,12472.94,12415.0,USD/MT,,,,,,,0,,0,85.83,0,5,12472.94,,10705.52,5352.76,1049141.39,160582.78,10602.0,1060.2,4291.5,2141.1,5352.76,0,1070.55,0,0,0,0,0,Global Trading Co.,USD/MT,1.0,,0,,0,,0,,0,,0,2022-06-16,2022-07-16,,,,,,,,2022-06-16,System,1,2022-07-20,1042875.71,GBP,15.0,1
2022-11-20,CT2022110104,0,1,Continental Distributors,Land Transport Group,10188.08,8659.87,547914.94,Australia,,,,Cashew Kernels SW,Tanzania,,,2022,,CFR,Tanzania,Tanzania,Australia,Australia,CAD,Prompt,November 2022,3,Containers,53.78,53.78,54.86,0,53.78,0,3,,,10188.08,USD/MT,Fixed,,,10188.08,10203.34,USD/MT,,,,,,,0,,0,0.0,0,0,10188.08,,5479.15,2739.57,536956.64,82187.13,8659.87,865.99,2689.0,1095.83,2739.57,0,547.91,0,0,0,0,0,Continental Distributors,USD/MT,1.0,,0,,0,,0,,0,,0,2022-11-20,2022-12-20,,,,,,,,2022-11-20,System,0,,0.0,EUR,15.0,0
2023-10-16,CT2023100105,1,0,American Cashew Corp.,Coastal Distribution,8354.24,7101.1,268421.73,Germany,,,,Cashew Kernels BB,Ivory Coast,,,2023,,EXW,Ivory Coast,Ivory Coast,Germany,Germany,TT 30 days,Prompt,October 2023,2,Containers,32.13,32.13,32.77,0,0.0,0,0,,,8354.24,USD/MT,Fixed,,,8354.24,8574.06,USD/MT,,,,,,,1,,0,32.13,0,2,8354.24,,2684.22,1342.11,263053.3,40263.39,7101.1,710.11,1606.5,536.84,1342.11,0,268.42,0,0,0,0,0,American Cashew Corp.,USD/MT,1.0,,0,,0,,0,,0,,0,2023-10-16,2023-11-15,,,,,,,,2023-10-16,System,1,2023-11-10,265918.4,EUR,15.0,1
2024-11-20,CT2024110106,1,1,Continental Distributors,Coastal Distribution,10752.7,9139.8,170537.82,Brazil,,,,Cashew Kernels BB,Ivory Coast,,,2024,,EXW,Ivory Coast,Ivory Coast,Brazil,Brazil,LC 60 days,Prompt,November 2024,1,Containers,15.86,15.86,16.18,0,0.0,0,0,,,10752.7,USD/MT,Fixed,,,10752.7,10522.32,USD/MT,,,,,,,0,,0,15.86,0,1,10752.7,,1705.38,852.69,167127.06,25580.59,9139.8,913.98,793.0,341.08,852.69,0,170.54,0,0,0,0,0,Continental Distributors,USD/MT,1.0,,0,,0,,0,,0,,0,2024-11-20,2024-12-20,,,,,,,,2024-11-20,System,1,2024-12-08,162441.88,USD,15.0,1
2022-08-09,CT2022080107,1,1,Pacific Rim Foods,Global Storage Co.,10804.07,9183.46,733056.15,Brazil,,,,Cashew Kernels Splits,Ivory Coast,,,2022,,FCA,Ivory Coast,Ivory Coast,Brazil,Brazil,TT 30 days,Prompt,August 2022,4,Containers,67.85,67.85,69.21,0,0.0,0,0,,,10804.07,USD/MT,Fixed,,,10804.07,11155.54,USD/MT,,,,,,,0,,0,67.85,0,4,10804.07,,7330.56,3665.28,718395.03,109958.39,9183.46,918.35,3392.5,1466.11,3665.28,0,733.06,0,0,0,0,0,Pacific Rim Foods,USD/MT,1.0,,0,,0,,0,,0,,0,2022-08-09,2022-09-08,,,,,,,,2022-08-09,System,1,2022-09-11,699098.49,USD,15.0,1
2022-09-21,CT2022090108,0,1,Asia Pacific Imports,Land Transport Group,13284.76,11292.05,1279056.69,Japan,,,,Cashew Kernels Splits,Nigeria,,,2022,,CIF,Nigeria,Nigeria,Japan,Japan,TT 30 days,Prompt,September 2022,5,Containers,96.28,96.28,98.21,0,0.0,0,0,,,13284.76,USD/MT,Fixed,,,13284.76,13688.57,USD/MT,,,,,,,1,,0,96.28,0,5,13284.76,,12790.57,6395.28,1253475.56,191858.12,11292.05,1129.2,4814.0,2558.11,6395.28,0,1279.06,0,0,0,0,0,Asia Pacific Imports,USD/MT,1.0,,0,,0,,0,,0,,0,2022-09-21,2022-10-21,,,,,,,,2022-09-21,System,1,2022-10-08,1218001.13,GBP,15.0,1
2022-11-02,CT2022110109,1,1,Mountain View Imports,Inland Warehousing,12315.5,10468.17,420451.17,Netherlands,,,,Cashew Kernels Splits,Ivory Coast,,,2022,,CFR,Ivory Coast,Ivory Coast,Netherlands,Netherlands,TT 30 days,Prompt,November 2022,2,Containers,34.14,34.14,34.82,0,0.0,0,0,,,12315.5,USD/MT,Fixed,,,12315.5,12704.36,USD/MT,,,,,,,1,,0,34.14,0,2,12315.5,,4204.51,2102.26,412042.15,63067.85,10468.17,1046.82,1707.0,840.9,2102.26,0,420.45,0,0,0,0,0,Mountain View Imports,USD/MT,1.0,,0,,0,,0,,0,,0,2022-11-02,2022-12-02,,,,,,,,2022-11-02,System,1,2022-12-19,410619.76,EUR,15.0,1
2023-11-10,CT2023110110,1,0,Sunrise Trading LLC,Port Logistics Ltd.,9858.71,8379.9,176372.32,South Korea,,,,Cashew Kernels LWP,Mozambique,,,2023,,FCA,Mozambique,Mozambique,South Korea,South Korea,TT 30 days,Prompt,November 2023,1,Containers,17.89,17.89,18.25,0,17.89,0,1,,,9858.71,USD/MT,Fixed,,,9858.71,9882.6,USD/MT,,,,,,,1,,0,0.0,0,0,9858.71,,1763.72,881.86,172844.87,26455.91,8379.9,837.99,894.5,352.74,881.86,0,176.37,0,0,0,0,0,Sunrise Trading LLC,USD/MT,1.0,,0,,0,,0,,0,,0,2023-11-10,2023-12-10,,,,,,,,2023-11-10,System,0,,0.0,USD,15.0,0
2022-10-30,CT2022100111,1,0,Green Valley Foods,Express Freight Services,10195.85,8666.47,317600.73,United States,,,,Cashew Kernels W320,Mozambique,,,2022,,CIF,Mozambique,Mozambique,United States,United States,TT Advance,Prompt,October 2022,2,Containers,31.15,31.15,31.77,0,0.0,0,0,,,10195.85,USD/MT,Fixed,,,10195.85,10405.66,USD/MT,,,,,,,0,,0,31.15,0,2,10195.85,,3176.01,1588.0,311248.72,47640.19,8666.47,866.65,1557.5,635.2,1588.0,0,317.6,0,0,0,0,0,Green Valley Foods,USD/MT,1.0,,0,,0,,0,,0,,0,2022-10-30,2022-11-29,,,,,,,,2022-10-30,System,1,2022-12-16,314027.28,GBP,15.0,1
2023-10-28,CT2023100112,1,1,Sunrise Trading LLC,Coastal Distribution,11731.89,9972.11,406861.95,Canada,,,,Cashew Kernels Splits,Tanzania,,,2023,,FCA,Tanzania,Tanzania,Canada,Canada,LC 90 days,Prompt,October 2023,2,Containers,34.68,34.68,35.37,0,34.68,0,2,,,11731.89,USD/MT,Fixed,,,11731.89,11370.86,USD/MT,,,,,,,0,,0,0.0,0,0,11731.89,,4068.62,2034.31,398724.71,61029.18,9972.11,997.21,1734.0,813.72,2034.31,0,406.86,0,0,0,0,0,Sunrise Trading LLC,USD/MT,1.0,,0,,0,,0,,0,,0,2023-10-28,2023-11-27,,,,,,,,2023-10-28,System,0,,0.0,GBP,15.0,0
2023-07-26,CT2023070113,1,1,Ocean Trade Partners,Maritime Shipping Corp.,11423.02,9709.57,417168.69,United Kingdom,,,,Cashew Kernels LWP,Ivory Coast,,,2023,,EXW,Ivory Coast,Ivory Coast,United Kingdom,United Kingdom,LC 90 days,Prompt,July 2023,2,Containers,36.52,36.52,37.25,0,36.52,0,2,,,11423.02,USD/MT,Fixed,,,11423.02,10991.09,USD/MT,,,,,,,1,,0,0.0,0,0,11423.02,,4171.69,2085.84,408825.32,62575.19,9709.57,970.96,1826.0,834.34,2085.84,0,417.17,0,0,0,0,0,Ocean Trade Partners,USD/MT,1.0,,0,,0,,0,,0,,0,2023-07-26,2023-08-25,,,,,,,,2023-07-26,System,0,,0.0,GBP,15.0,0
2024-03-19,CT2024030114,1,1,Green Valley Foods,Air Cargo International,14687.2,12484.12,690298.4,India,,,,Cashew Kernels W450,Nigeria,,,2024,,FOB,Nigeria,Nigeria,India,India,LC 90 days,Prompt,March 2024,3,Containers,47.0,47.0,47.94,0,0.0,0,0,,,14687.2,USD/MT,Fixed,,,14687.2,14154.46,USD/MT,,,,,,,0,,0,47.0,0,3,14687.2,,6902.98,3451.49,676492.43,103544.76,12484.12,1248.41,2350.0,1380.6,3451.49,0,690.3,0,0,0,0,0,Green Valley Foods,USD/MT,1.0,,0,,0,,0,,0,,0,2024-03-19,2024-04-18,,,,,,,,2024-03-19,System,1,2024-05-03,663169.22,EUR,15.0,1
2023-05-12,CT2023050115,0,0,Global Trading Co.,Inland Warehousing,10312.06,8765.25,163961.75,United Kingdom,,,,Cashew Kernels SW,Ghana,,,2023,,EXW,Ghana,Ghana,United Kingdom,United Kingdom,LC 30 days,Prompt,May 2023,1,Containers,15.9,15.9,16.22,0,15.9,0,1,,,10312.06,USD/MT,Fixed,,,10312.06,10216.06,USD/MT,,,,,,,1,,0,0.0,0,0,10312.06,,1639.62,819.81,160682.51,24594.27,8765.25,876.53,795.0,327.92,819.81,0,163.96,0,0,0,0,0,Global Trading Co.,USD/MT,1.0,,0,,0,,0,,0,,0,2023-05-12,2023-06-11,,,,,,,,2023-05-12,System,0,,0.0,GBP,15.0,0
2024-09-04,CT2024090116,0,1,Sunrise Trading LLC,Express Freight Services,14355.56,12202.23,778789.13,India,,,,Cashew Kernels Splits,Ivory Coast,,,2024,,FOB,Ivory Coast,Ivory Coast,India,India,CAD,Prompt,September 2024,3,Containers,54.25,54.25,55.34,0,0.0,0,0,,,14355.56,USD/MT,Fixed,,,14355.56,14904.29,USD/MT,,,,,,,0,,0,54.25,0,3,14355.56,,7787.89,3893.95,763213.35,116818.15,12202.23,1220.22,2712.5,1557.58,3893.95,0,778.79,0,0,0,0,0,Sunrise Trading LLC,USD/MT,1.0,,0,,0,,0,,0,,0,2024-09-04,2024-10-04,,,,,,,,2024-09-04,System,1,2024-09-21,775410.34,GBP,15.0,1
2022-03-16,CT2022030117,1,1,Green Valley Foods,Land Transport Group,8064.87,6855.14,459858.89,India,,,,Cashew Kernels W450,Tanzania,,,2022,,FCA,Tanzania,Tanzania,India,India,TT 30 days,Prompt,March 2022,3,Containers,57.02,57.02,58.16,0,57.02,0,3,,,8064.87,USD/MT,Fixed,,,8064.87,8028.05,USD/MT,,,,,,,1,,0,0.0,0,0,8064.87,,4598.59,2299.29,450661.71,68978.81,6855.14,685.51,2851.0,919.72,2299.29,0,459.86,0,0,0,0,0,Green Valley Foods,USD/MT,1.0,,0,,0,,0,,0,,0,2022-03-16,2022-04-15,,,,,,,,2022-03-16,System,0,,0.0,USD,15.0,0
2022-10-02,CT2022100118,0,0,Green Valley Foods,Inland Warehousing,13117.83,11150.16,220641.9,Australia,,,,Cashew Kernels SW,Ivory Coast,,,2022,,CFR,Ivory Coast,Ivory Coast,Australia,Australia,CAD,Prompt,October 2022,1,Containers,16.82,16.82,17.16,0,0.0,0,0,,,13117.83,USD/MT,Fixed,,,13117.83,13263.38,USD/MT,,,,,,,1,,0,16.82,0,1,13117.83,,2206.42,1103.21,216229.06,33096.21,11150.16,1115.02,841.0,441.28,1103.21,0,220.64,0,0,0,0,0,Green Valley Foods,USD/MT,1.0,,0,,0,,0,,0,,0,2022-10-02,2022-11-01,,,,,,,,2022-10-02,System,1,2022-11-07,218333.63,USD,15.0,1
2024-05-25,CT2024050119,1,1,Ocean Trade Partners,Air Cargo International,11342.18,9640.85,440643.69,Germany,,,,Cashew Kernels W320,Tanzania,,,2024,,CIF,Tanzania,Tanzania,Germany,Germany,LC 30 days,Prompt,May 2024,2,Containers,38.85,38.85,39.63,0,0.0,0,0,,,11342.18,USD/MT,Fixed,,,11342.18,11435.71,USD/MT,,,,,,,0,,0,38.85,0,2,11342.18,,4406.44,2203.22,431830.82,66096.67,9640.85,964.09,1942.5,881.29,2203.22,0,440.64,0,0,0,0,0,Ocean Trade Partners,USD/MT,1.0,,0,,0,,0,,0,,0,2024-05-25,2024-06-24,,,,,,,,2024-05-25,System,1,2024-07-07,435218.41,EUR,15.0,1
2023-06-20,CT2023060120,1,1,Sunrise Trading LLC,Air Cargo International,9118.02,7750.32,158288.83,Saudi Arabia,,,,Cashew Kernels W240,India,,,2023,,FCA,India,India,Saudi Arabia,Saudi Arabia,CAD,Prompt,June 2023,1,Containers,17.36,17.36,17.71,0,0.0,0,0,,,9118.02,USD/MT,Fixed,,,9118.02,9222.54,USD/MT,,,,,,,0,,0,17.36,0,1,9118.02,,1582.89,791.44,155123.05,23743.27,7750.32,775.03,868.0,316.58,791.44,0,158.29,0,0,0,0,0,Sunrise Trading LLC,USD/MT,1.0,,0,,0,,0,,0,,0,2023-06-20,2023-07-20,,,,,,,,2023-06-20,System,1,2023-08-14,157625.05,EUR,15.0,1
2022-10-01,CT2022100121,0,1,Continental Distributors,Global Storage Co.,14389.58,12231.14,1053748.94,Australia,,,,Cashew Kernels Splits,Ghana,,,2022,,FCA,Ghana,Ghana,Australia,Australia,CAD,Prompt,October 2022,4,Containers,73.23,73.23,74.69,0,73.23,0,4,,,14389.58,USD/MT,Fixed,,,14389.58,14430.12,USD/MT,,,,,,,1,,0,0.0,0,0,14389.58,,10537.49,5268.74,1032673.96,158062.56,12231.14,1223.11,3661.5,2107.5,5268.74,0,1053.75,0,0,0,0,0,Continental Distributors,USD/MT,1.0,,0,,0,,0,,0,,0,2022-10-01,2022-10-31,,,,,,,,2022-10-01,System,0,,0.0,USD,15.0,0
2022-06-09,CT2022060122,0,1,Royal Nut Company,Quick Ship Logistics,9151.76,7779.0,807459.78,Germany,,,,Cashew Kernels SW,Vietnam,,,2022,,FCA,Vietnam,Vietnam,Germany,Germany,TT Advance,Prompt,June 2022,5,Containers,88.23,88.23,89.99,0,0.0,0,0,,,9151.76,USD/MT,Fixed,,,9151.76,9434.27,USD/MT,,,,,,,1,,0,88.23,0,5,9151.76,,8074.6,4037.3,791310.58,121118.61,7779.0,777.9,4411.5,1614.92,4037.3,0,807.46,0,0,0,0,0,Royal Nut Company,USD/MT,1.0,,0,,0,,0,,0,,0,2022-06-09,2022-07-09,,,,,,,,2022-06-09,System,1,2022-08-08,790630.21,USD,15.0,1
2022-09-28,CT2022090123,0,0,Ocean Trade Partners,Land Transport Group,13648.41,11601.15,1183999.57,Australia,,,,Cashew Kernels W240,Mozambique,,,2022,,FOB,Mozambique,Mozambique,Australia,Australia,TT Advance,Prompt,September 2022,5,Containers,86.75,86.75,88.48,0,86.75,0,5,,,13648.41,USD/MT,Fixed,,,13648.41,13027.8,USD/MT,,,,,,,1,,0,0.0,0,0,13648.41,,11840.0,5920.0,1160319.58,177599.81,11601.15,1160.12,4337.5,2368.0,5920.0,0,1184.0,0,0,0,0,0,Ocean Trade Partners,USD/MT,1.0,,0,,0,,0,,0,,0,2022-09-28,2022-10-28,,,,,,,,2022-09-28,System,0,,0.0,EUR,15.0,0
2022-05-11,CT2022050124,1,1,Ocean Trade Partners,Warehouse Solutions Inc.,9259.87,7870.89,154176.84,Brazil,,,,Cashew Kernels BB,Vietnam,,,2022,,CIF,Vietnam,Vietnam,Brazil,Brazil,CAD,Prompt,May 2022,1,Containers,16.65,16.65,16.98,0,0.0,0,0,,,9259.87,USD/MT,Fixed,,,9259.87,9602.13,USD/MT,,,,,,,1,,0,16.65,0,1,9259.87,,1541.77,770.88,151093.3,23126.52,7870.89,787.09,832.5,308.35,770.88,0,154.18,0,0,0,0,0,Ocean Trade Partners,USD/MT,1.0,,0,,0,,0,,0,,0,2022-05-11,2022-06-10,,,,,,,,2022-05-11,System,1,2022-06-21,149354.66,GBP,15.0,1
2024-02-09,CT2024020125,0,0,Asia Pacific Imports,Inland Warehousing,11760.81,9996.69,190642.73,Netherlands,,,,Cashew Kernels Splits,Ghana,,,2024,,FCA,Ghana,Ghana,Netherlands,Netherlands,LC 60 days,Prompt,February 2024,1,Containers,16.21,16.21,16.53,0,16.21,0,1,,,11760.81,USD/MT,Fixed,,,11760.81,12323.55,USD/MT,,,,,,,1,,0,0.0,0,0,11760.81,,1906.43,953.21,186829.88,28596.39,9996.69,999.67,810.5,381.29,953.21,0,190.64,0,0,0,0,0,Asia Pacific Imports,USD/MT,1.0,,0,,0,,0,,0,,0,2024-02-09,2024-03-10,,,,,,,,2024-02-09,System,0,,0.0,GBP,15.0,0
2024-05-18,CT2024050126,0,0,Ocean Trade Partners,Land Transport Group,9929.55,8440.12,670641.81,China,,,,Cashew Kernels SW,India,,,2024,,FOB,India,India,China,China,LC 30 days,Prompt,May 2024,4,Containers,67.54,67.54,68.89,0,0.0,0,0,,,9929.55,USD/MT,Fixed,,,9929.55,10022.83,USD/MT,,,,,,,1,,0,67.54,0,4,9929.55,,6706.42,3353.21,657228.97,100596.11,8440.12,844.01,3377.0,1341.28,3353.21,0,670.64,0,0,0,0,0,Ocean Trade Partners,USD/MT,1.0,,0,,0,,0,,0,,0,2024-05-18,2024-06-17,,,,,,,,2024-05-18,System,1,2024-06-03,645179.76,GBP,15.0,1
2022-04-10,CT2022040127,0,1,American Cashew Corp.,Warehouse Solutions Inc.,14046.11,11939.19,1149674.1,South Korea,,,,Cashew Kernels SW,Tanzania,,,2022,,FOB,Tanzania,Tanzania,South Korea,South Korea,LC 60 days,Prompt,April 2022,5,Containers,81.85,81.85,83.49,0,81.85,0,5,,,14046.11,USD/MT,Fixed,,,14046.11,14154.93,USD/MT,,,,,,,1,,0,0.0,0,0,14046.11,,11496.74,5748.37,1126680.62,172451.4,11939.19,1193.92,4092.5,2299.35,5748.37,0,1149.67,0,0,0,0,0,American Cashew Corp.,USD/MT,1.0,,0,,0,,0,,0,,0,2022-04-10,2022-05-10,,,,,,,,2022-04-10,System,0,,0.0,GBP,15.0,0
2023-05-01,CT2023050128,0,1,Middle East Trading,Global Storage Co.,8426.7,7162.7,562987.83,UAE,,,,Cashew Kernels SW,Mozambique,,,2023,,FCA,Mozambique,Mozambique,UAE,UAE,CAD,Prompt,May 2023,4,Containers,66.81,66.81,68.15,0,0.0,0,0,,,8426.7,USD/MT,Fixed,,,8426.7,8798.81,USD/MT,,,,,,,1,,0,66.81,0,4,8426.7,,5629.88,2814.94,551728.07,84447.84,7162.7,716.27,3340.5,1125.98,2814.94,0,562.99,0,0,0,0,0,Middle East Trading,USD/MT,1.0,,0,,0,,0,,0,,0,2023-05-01,2023-05-31,,,,,,,,2023-05-01,System,1,2023-06-12,550485.3,USD,15.0,1
2024-12-10,CT2024120129,0,1,African Export Group,Land Transport Group,11765.5,10000.67,764051.57,South Korea,,,,Cashew Kernels LWP,India,,,2024,,CIF,India,India,South Korea,South Korea,LC 60 days,Prompt,December 2024,4,Containers,64.94,64.94,66.24,0,64.94,0,4,,,11765.5,USD/MT,Fixed,,,11765.5,12253.46,USD/MT,,,,,,,1,,0,0.0,0,0,11765.5,,7640.52,3820.26,748770.54,114608.06,10000.67,1000.07,3247.0,1528.1,3820.26,0,764.05,0,0,0,0,0,African Export Group,USD/MT,1.0,,0,,0,,0,,0,,0,2024-12-10,2025-01-09,,,,,,,,2024-12-10,System,0,,0.0,EUR,15.0,0
2024-05-03,CT2024050130,1,0,Ocean Trade Partners,Inland Warehousing,12526.94,10647.9,613068.44,Netherlands,,,,Cashew Kernels SW,Tanzania,,,2024,,EXW,Tanzania,Tanzania,Netherlands,Netherlands,LC 90 days,Prompt,May 2024,3,Containers,48.94,48.94,49.92,0,0.0,0,0,,,12526.94,USD/MT,Fixed,,,12526.94,12994.97,USD/MT,,,,,,,0,,0,48.94,0,3,12526.94,,6130.68,3065.34,600807.07,91960.21,10647.9,1064.79,2447.0,1226.14,3065.34,0,613.07,0,0,0,0,0,Ocean Trade Partners,USD/MT,1.0,,0,,0,,0,,0,,0,2024-05-03,2024-06-02,,,,,,,,2024-05-03,System,1,2024-05-30,583994.79,USD,15.0,1
2023-03-21,CT2023030131,0,1,Continental Distributors,Express Freight Services,9330.17,7930.64,152548.28,China,,,,Cashew Kernels LWP,Ivory Coast,,,2023,,FOB,Ivory Coast,Ivory Coast,China,China,CAD,Prompt,March 2023,1,Containers,16.35,16.35,16.68,0,16.35,0,1,,,9330.17,USD/MT,Fixed,,,9330.17,9717.49,USD/MT,,,,,,,1,,0,0.0,0,0,9330.17,,1525.48,762.74,149497.31,22882.32,7930.64,793.06,817.5,305.1,762.74,0,152.55,0,0,0,0,0,Continental Distributors,USD/MT,1.0,,0,,0,,0,,0,,0,2023-03-21,2023-04-20,,,,,,,,2023-03-21,System,0,,0.0,EUR,15.0,0
2023-08-03,CT2023080132,1,1,Pacific Rim Foods,Coastal Distribution,11589.72,9851.26,575313.7,Canada,,,,Cashew Kernels Splits,Ghana,,,2023,,EXW,Ghana,Ghana,Canada,Canada,TT Advance,Prompt,August 2023,3,Containers,49.64,49.64,50.63,0,49.64,0,3,,,11589.72,USD/MT,Fixed,,,11589.72,12069.92,USD/MT,,,,,,,1,,0,0.0,0,0,11589.72,,5753.14,2876.57,563807.43,86297.15,9851.26,985.13,2482.0,1150.63,2876.57,0,575.31,0,0,0,0,0,Pacific Rim Foods,USD/MT,1.0,,0,,0,,0,,0,,0,2023-08-03,2023-09-02,,,,,,,,2023-08-03,System,0,,0.0,USD,15.0,0
2023-10-03,CT2023100133,0,1,Pacific Rim Foods,Warehouse Solutions Inc.,11873.18,10092.2,369612.09,Singapore,,,,Cashew Kernels SW,Nigeria,,,2023,,FCA,Nigeria,Nigeria,Singapore,Singapore,TT 30 days,Prompt,October 2023,2,Containers,31.13,31.13,31.75,0,0.0,0,0,,,11873.18,USD/MT,Fixed,,,11873.18,11956.04,USD/MT,,,,,,,0,,0,31.13,0,2,11873.18,,3696.12,1848.06,362219.85,55441.9,10092.2,1009.22,1556.5,739.22,1848.06,0,369.61,0,0,0,0,0,Pacific Rim Foods,USD/MT,1.0,,0,,0,,0,,0,,0,2023-10-03,2023-11-02,,,,,,,,2023-10-03,System,1,2023-10-27,354757.23,GBP,15.0,1
2024-10-19,CT2024100134,1,0,Ocean Trade Partners,Air Cargo International,13129.41,11160.0,910787.17,France,,,,Cashew Kernels BB,Nigeria,,,2024,,CFR,Nigeria,Nigeria,France,France,LC 60 days,Prompt,October 2024,4,Containers,69.37,69.37,70.76,0,69.37,0,4,,,13129.41,USD/MT,Fixed,,,13129.41,13676.77,USD/MT,,,,,,,0,,0,0.0,0,0,13129.41,,9107.87,4553.94,892571.43,136617.97,11160.0,1116.0,3468.5,1821.57,4553.94,0,910.79,0,0,0,0,0,Ocean Trade Partners,USD/MT,1.0,,0,,0,,0,,0,,0,2024-10-19,2024-11-18,,,,,,,,2024-10-19,System,0,,0.0,USD,15.0,0
2024-12-09,CT2024120135,1,0,Global Trading Co.,Port Logistics Ltd.,13897.81,11813.14,238347.44,China,,,,Cashew Kernels W240,Ghana,,,2024,,CIF,Ghana,Ghana,China,China,LC 30 days,Prompt,December 2024,1,Containers,17.15,17.15,17.49,0,0.0,0,0,,,13897.81,USD/MT,Fixed,,,13897.81,14061.58,USD/MT,,,,,,,1,,0,17.15,0,1,13897.81,,2383.47,1191.74,233580.49,35752.09,11813.14,1181.31,857.5,476.69,1191.74,0,238.35,0,0,0,0,0,Global Trading Co.,USD/MT,1.0,,0,,0,,0,,0,,0,2024-12-09,2025-01-08,,,,,,,,2024-12-09,System,1,2025-01-06,232457.08,GBP,15.0,1
2024-09-26,CT2024090136,0,0,Global Trading Co.,Warehouse Solutions Inc.,13055.35,11097.05,203271.8,Canada,,,,Cashew Kernels Pieces,Mozambique,,,2024,,FCA,Mozambique,Mozambique,Canada,Canada,LC 90 days,Prompt,September 2024,1,Containers,15.57,15.57,15.88,0,0.0,0,0,,,13055.35,USD/MT,Fixed,,,13055.35,13601.13,USD/MT,,,,,,,0,,0,15.57,0,1,13055.35,,2032.72,1016.36,199206.36,30490.73,11097.05,1109.7,778.5,406.54,1016.36,0,203.27,0,0,0,0,0,Global Trading Co.,USD/MT,1.0,,0,,0,,0,,0,,0,2024-09-26,2024-10-26,,,,,,,,2024-09-26,System,1,2024-11-24,199958.8,USD,15.0,1
2023-05-09,CT2023050137,0,0,American Cashew Corp.,Quick Ship Logistics,8553.13,7270.16,479317.41,Canada,,,,Cashew Kernels Splits,Ivory Coast,,,2023,,EXW,Ivory Coast,Ivory Coast,Canada,Canada,TT Advance,Prompt,May 2023,3,Containers,56.04,56.04,57.16,0,0.0,0,0,,,8553.13,USD/MT,Fixed,,,8553.13,8205.45,USD/MT,,,,,,,1,,0,56.04,0,3,8553.13,,4793.17,2396.59,469731.06,71897.64,7270.16,727.02,2802.0,958.63,2396.59,0,479.32,0,0,0,0,0,American Cashew Corp.,USD/MT,1.0,,0,,0,,0,,0,,0,2023-05-09,2023-06-08,,,,,,,,2023-05-09,System,1,2023-07-07,460764.41,GBP,15.0,1
2024-02-12,CT2024020138,0,0,Ocean Trade Partners,Coastal Distribution,13917.31,11829.71,440622.03,United States,,,,Cashew Kernels W240,Ghana,,,2024,,CFR,Ghana,Ghana,United States,United States,TT 30 days,Prompt,February 2024,2,Containers,31.66,31.66,32.29,0,31.66,0,2,,,13917.31,USD/MT,Fixed,,,13917.31,13515.68,USD/MT,,,,,,,1,,0,0.0,0,0,13917.31,,4406.22,2203.11,431809.59,66093.41,11829.71,1182.97,1583.0,881.24,2203.11,0,440.62,0,0,0,0,0,Ocean Trade Partners,USD/MT,1.0,,0,,0,,0,,0,,0,2024-02-12,2024-03-13,,,,,,,,2024-02-12,System,0,,0.0,USD,15.0,0
2023-07-10,CT2023070139,1,0,Global Trading Co.,Port Logistics Ltd.,10201.39,8671.18,392039.42,UAE,,,,Cashew Kernels W240,Ivory Coast,,,2023,,CIF,Ivory Coast,Ivory Coast,UAE,UAE,TT 30 days,Prompt,July 2023,2,Containers,38.43,38.43,39.2,0,38.43,0,2,,,10201.39,USD/MT,Fixed,,,10201.39,9996.62,USD/MT,,,,,,,0,,0,0.0,0,0,10201.39,,3920.39,1960.2,384198.63,58805.97,8671.18,867.12,1921.5,784.08,1960.2,0,392.04,0,0,0,0,0,Global Trading Co.,USD/MT,1.0,,0,,0,,0,,0,,0,2023-07-10,2023-08-09,,,,,,,,2023-07-10,System,0,,0.0,USD,15.0,0
2024-03-07,CT2024030140,1,1,Sunrise Trading LLC,Inland Warehousing,14820.26,12597.22,259354.55,Japan,,,,Cashew Kernels W450,Tanzania,,,2024,,FOB,Tanzania,Tanzania,Japan,Japan,LC 30 days,Prompt,March 2024,1,Containers,17.5,17.5,17.85,0,0.0,0,0,,,14820.26,USD/MT,Fixed,,,14820.26,14123.15,USD/MT,,,,,,,1,,0,17.5,0,1,14820.26,,2593.55,1296.77,254167.46,38903.2,12597.22,1259.72,875.0,518.71,1296.77,0,259.35,0,0,0,0,0,Sunrise Trading LLC,USD/MT,1.0,,0,,0,,0,,0,,0,2024-03-07,2024-04-06,,,,,,,,2024-03-07,System,1,2024-03-26,250803.54,EUR,15.0,1
2024-07-11,CT2024070141,0,1,Continental Distributors,Express Freight Services,12101.13,10285.96,786210.42,Japan,,,,Cashew Kernels Pieces,Mozambique,,,2024,,EXW,Mozambique,Mozambique,Japan,Japan,LC 30 days,Prompt,July 2024,4,Containers,64.97,64.97,66.27,0,0.0,0,0,,,12101.13,USD/MT,Fixed,,,12101.13,11682.7,USD/MT,,,,,,,0,,0,64.97,0,4,12101.13,,7862.1,3931.05,770486.21,117931.6,10285.96,1028.6,3248.5,1572.42,3931.05,0,786.21,0,0,0,0,0,Continental Distributors,USD/MT,1.0,,0,,0,,0,,0,,0,2024-07-11,2024-08-10,,,,,,,,2024-07-11,System,1,2024-08-10,774932.57,GBP,15.0,1
2024-03-08,CT2024030142,1,0,African Export Group,Air Cargo International,13329.43,11330.02,690997.65,Germany,,,,Cashew Kernels W240,Vietnam,,,2024,,FOB,Vietnam,Vietnam,Germany,Germany,LC 60 days,Prompt,March 2024,3,Containers,51.84,51.84,52.88,0,0.0,0,0,,,13329.43,USD/MT,Fixed,,,13329.43,12697.96,USD/MT,,,,,,,1,,0,51.84,0,3,13329.43,,6909.98,3454.99,677177.7,103649.41,11330.02,1133.0,2592.0,1382.0,3454.99,0,691.0,0,0,0,0,0,African Export Group,USD/MT,1.0,,0,,0,,0,,0,,0,2024-03-08,2024-04-07,,,,,,,,2024-03-08,System,1,2024-04-20,675691.53,USD,15.0,1
2022-07-10,CT2022070143,0,0,Mountain View Imports,Quick Ship Logistics,10714.6,9107.41,178612.38,India,,,,Cashew Kernels Pieces,Ivory Coast,,,2022,,FOB,Ivory Coast,Ivory Coast,India,India,CAD,Prompt,July 2022,1,Containers,16.67,16.67,17.0,0,16.67,0,1,,,10714.6,USD/MT,Fixed,,,10714.6,10913.16,USD/MT,,,,,,,0,,0,0.0,0,0,10714.6,,1786.12,893.06,175040.13,26791.86,9107.41,910.74,833.5,357.22,893.06,0,178.61,0,0,0,0,0,Mountain View Imports,USD/MT,1.0,,0,,0,,0,,0,,0,2022-07-10,2022-08-09,,,,,,,,2022-07-10,System,0,,0.0,GBP,15.0,0
2022-10-12,CT2022100144,1,0,Middle East Trading,Maritime Shipping Corp.,9931.73,8441.97,160596.07,France,,,,Cashew Kernels W450,Tanzania,,,2022,,CFR,Tanzania,Tanzania,France,France,TT Advance,Prompt,October 2022,1,Containers,16.17,16.17,16.49,0,0.0,0,0,,,9931.73,USD/MT,Fixed,,,9931.73,9889.88,USD/MT,,,,,,,0,,0,16.17,0,1,9931.73,,1605.96,802.98,157384.15,24089.42,8441.97,844.2,808.5,321.19,802.98,0,160.6,0,0,0,0,0,Middle East Trading,USD/MT,1.0,,0,,0,,0,,0,,0,2022-10-12,2022-11-11,,,,,,,,2022-10-12,System,1,2022-11-11,158354.95,USD,15.0,1
2023-09-16,CT2023090145,1,0,Global Trading Co.,Land Transport Group,11014.31,9362.16,570320.97,Japan,,,,Cashew Kernels Pieces,Nigeria,,,2023,,FCA,Nigeria,Nigeria,Japan,Japan,LC 60 days,Prompt,September 2023,3,Containers,51.78,51.78,52.82,0,0.0,0,0,,,11014.31,USD/MT,Fixed,,,11014.31,11526.01,USD/MT,,,,,,,1,,0,51.78,0,3,11014.31,,5703.21,2851.6,558914.55,85548.33,9362.16,936.22,2589.0,1140.64,2851.6,0,570.32,0,0,0,0,0,Global Trading Co.,USD/MT,1.0,,0,,0,,0,,0,,0,2023-09-16,2023-10-16,,,,,,,,2023-09-16,System,1,2023-11-14,547532.41,EUR,15.0,1
2023-08-20,CT2023080146,0,0,Golden Harvest Co.,Coastal Distribution,13715.46,11658.14,699625.61,Singapore,,,,Cashew Kernels SW,Nigeria,,,2023,,EXW,Nigeria,Nigeria,Singapore,Singapore,LC 90 days,Prompt,August 2023,3,Containers,51.01,51.01,52.03,0,51.01,0,3,,,13715.46,USD/MT,Fixed,,,13715.46,13964.69,USD/MT,,,,,,,0,,0,0.0,0,0,13715.46,,6996.26,3498.13,685633.1,104943.89,11658.14,1165.81,2550.5,1399.25,3498.13,0,699.63,0,0,0,0,0,Golden Harvest Co.,USD/MT,1.0,,0,,0,,0,,0,,0,2023-08-20,2023-09-19,,,,,,,,2023-08-20,System,0,,0.0,USD,15.0,0
2024-08-03,CT2024080147,0,1,Golden Harvest Co.,Express Freight Services,13569.6,11534.16,254837.09,Australia,,,,Cashew Kernels LWP,Nigeria,,,2024,,EXW,Nigeria,Nigeria,Australia,Australia,CAD,Prompt,August 2024,1,Containers,18.78,18.78,19.16,0,0.0,0,0,,,13569.6,USD/MT,Fixed,,,13569.6,13961.87,USD/MT,,,,,,,0,,0,18.78,0,1,13569.6,,2548.37,1274.19,249740.35,38225.57,11534.16,1153.42,939.0,509.67,1274.19,0,254.84,0,0,0,0,0,Golden Harvest Co.,USD/MT,1.0,,0,,0,,0,,0,,0,2024-08-03,2024-09-02,,,,,,,,2024-08-03,System,1,2024-09-06,245179.03,EUR,15.0,1
2024-07-08,CT2024070148,0,0,Mountain View Imports,Coastal Distribution,14779.0,12562.15,1156308.96,Singapore,,,,Cashew Kernels Pieces,Tanzania,,,2024,,FCA,Tanzania,Tanzania,Singapore,Singapore,TT 30 days,Prompt,July 2024,5,Containers,78.24,78.24,79.8,0,78.24,0,5,,,14779.0,USD/MT,Fixed,,,14779.0,15011.92,USD/MT,,,,,,,1,,0,0.0,0,0,14779.0,,11563.09,5781.54,1133182.78,173446.34,12562.15,1256.22,3912.0,2312.62,5781.54,0,1156.31,0,0,0,0,0,Mountain View Imports,USD/MT,1.0,,0,,0,,0,,0,,0,2024-07-08,2024-08-07,,,,,,,,2024-07-08,System,0,,0.0,GBP,15.0,0
2022-12-07,CT2022120149,0,1,Sunrise Trading LLC,Quick Ship Logistics,11013.19,9361.21,639756.21,United States,,,,Cashew Kernels Pieces,Mozambique,,,2022,,FOB,Mozambique,Mozambique,United States,United States,LC 30 days,Prompt,December 2022,3,Containers,58.09,58.09,59.25,0,0.0,0,0,,,11013.19,USD/MT,Fixed,,,11013.19,10874.56,USD/MT,,,,,,,1,,0,58.09,0,3,11013.19,,6397.56,3198.78,626961.09,95963.52,9361.21,936.12,2904.5,1279.51,3198.78,0,639.76,0,0,0,0,0,Sunrise Trading LLC,USD/MT,1.0,,0,,0,,0,,0,,0,2022-12-07,2023-01-06,,,,,,,,2022-12-07,System,1,2023-01-24,625617.39,EUR,15.0,1
2024-10-21,CT2024100150,0,1,Euro Nuts Ltd.,Air Cargo International,14732.1,12522.28,758555.83,United States,,,,Cashew Kernels W320,Tanzania,,,2024,,FOB,Tanzania,Tanzania,United States,United States,CAD,Prompt,October 2024,3,Containers,51.49,51.49,52.52,0,0.0,0,0,,,14732.1,USD/MT,Fixed,,,14732.1,14508.61,USD/MT,,,,,,,0,,0,51.49,0,3,14732.1,,7585.56,3792.78,743384.71,113783.63,12522.28,1252.23,2574.5,1517.11,3792.78,0,758.56,0,0,0,0,0,Euro Nuts Ltd.,USD/MT,1.0,,0,,0,,0,,0,,0,2024-10-21,2024-11-20,,,,,,,,2024-10-21,System,1,2024-11-26,737897.8,USD,15.0,1
2024-06-16,CT2024060151,0,0,Golden Harvest Co.,Coastal Distribution,8805.6,7484.76,165016.94,Japan,,,,Cashew Kernels LWP,Vietnam,,,2024,,CFR,Vietnam,Vietnam,Japan,Japan,CAD,Prompt,June 2024,1,Containers,18.74,18.74,19.11,0,0.0,0,0,,,8805.6,USD/MT,Fixed,,,8805.6,8851.31,USD/MT,,,,,,,1,,0,18.74,0,1,8805.6,,1650.17,825.08,161716.6,24752.54,7484.76,748.48,937.0,330.03,825.08,0,165.02,0,0,0,0,0,Golden Harvest Co.,USD/MT,1.0,,0,,0,,0,,0,,0,2024-06-16,2024-07-16,,,,,,,,2024-06-16,System,1,2024-07-11,164438.74,USD,15.0,1
2024-05-23,CT2024050152,1,1,Continental Distributors,Express Freight Services,11024.94,9371.2,398220.83,India,,,,Cashew Kernels W450,Tanzania,,,2024,,FOB,Tanzania,Tanzania,India,India,CAD,Prompt,May 2024,2,Containers,36.12,36.12,36.84,0,36.12,0,2,,,11024.94,USD/MT,Fixed,,,11024.94,10902.38,USD/MT,,,,,,,0,,0,0.0,0,0,11024.94,,3982.21,1991.1,390256.41,59733.09,9371.2,937.12,1806.0,796.44,1991.1,0,398.22,0,0,0,0,0,Continental Distributors,USD/MT,1.0,,0,,0,,0,,0,,0,2024-05-23,2024-06-22,,,,,,,,2024-05-23,System,0,,0.0,GBP,15.0,0
2023-02-26,CT2023020153,1,1,Middle East Trading,Port Logistics Ltd.,11202.85,9522.42,564735.67,Singapore,,,,Cashew Kernels W450,Vietnam,,,2023,,CFR,Vietnam,Vietnam,Singapore,Singapore,CAD,Prompt,February 2023,3,Containers,50.41,50.41,51.42,0,0.0,0,0,,,11202.85,USD/MT,Fixed,,,11202.85,11300.32,USD/MT,,,,,,,1,,0,50.41,0,3,11202.85,,5647.36,2823.68,553440.96,84710.48,9522.42,952.24,2520.5,1129.47,2823.68,0,564.74,0,0,0,0,0,Middle East Trading,USD/MT,1.0,,0,,0,,0,,0,,0,2023-02-26,2023-03-28,,,,,,,,2023-02-26,System,1,2023-04-22,545348.41,EUR,15.0,1
2023-12-22,CT2023120154,0,1,Green Valley Foods,Coastal Distribution,12704.77,10799.05,1134535.96,Singapore,,,,Cashew Kernels LWP,India,,,2023,,CFR,India,India,Singapore,Singapore,LC 30 days,Prompt,December 2023,5,Containers,89.3,89.3,91.09,0,0.0,0,0,,,12704.77,USD/MT,Fixed,,,12704.77,12600.89,USD/MT,,,,,,,0,,0,89.3,0,5,12704.77,,11345.36,5672.68,1111845.24,170180.8,10799.05,1079.9,4465.0,2269.07,5672.68,0,1134.54,0,0,0,0,0,Green Valley Foods,USD/MT,1.0,,0,,0,,0,,0,,0,2023-12-22,2024-01-21,,,,,,,,2023-12-22,System,1,2024-01-17,1098985.62,USD,15.0,1
2024-02-25,CT2024020155,1,0,Pacific Rim Foods,Global Storage Co.,10021.84,8518.56,810165.55,Australia,,,,Cashew Kernels W450,Ghana,,,2024,,CIF,Ghana,Ghana,Australia,Australia,LC 90 days,Prompt,February 2024,5,Containers,80.84,80.84,82.46,0,0.0,0,0,,,10021.84,USD/MT,Fixed,,,10021.84,9716.3,USD/MT,,,,,,,1,,0,80.84,0,5,10021.84,,8101.66,4050.83,793962.24,121525.16,8518.56,851.86,4042.0,1620.33,4050.83,0,810.17,0,0,0,0,0,Pacific Rim Foods,USD/MT,1.0,,0,,0,,0,,0,,0,2024-02-25,2024-03-26,,,,,,,,2024-02-25,System,1,2024-04-02,808214.75,EUR,15.0,1
2024-11-01,CT2024110156,1,0,Sunrise Trading LLC,Coastal Distribution,11106.96,9440.92,814806.59,South Korea,,,,Cashew Kernels BB,Ghana,,,2024,,CIF,Ghana,Ghana,South Korea,South Korea,LC 30 days,Prompt,November 2024,4,Containers,73.36,73.36,74.83,0,0.0,0,0,,,11106.96,USD/MT,Fixed,,,11106.96,11148.73,USD/MT,,,,,,,0,,0,73.36,0,4,11106.96,,8148.07,4074.03,798510.46,122220.7,9440.92,944.09,3668.0,1629.61,4074.03,0,814.81,0,0,0,0,0,Sunrise Trading LLC,USD/MT,1.0,,0,,0,,0,,0,,0,2024-11-01,2024-12-01,,,,,,,,2024-11-01,System,1,2024-11-30,785966.1,GBP,15.0,1
2024-07-25,CT2024070157,1,0,Mountain View Imports,Coastal Distribution,13425.79,11411.92,1071109.53,Canada,,,,Cashew Kernels W320,Mozambique,,,2024,,CFR,Mozambique,Mozambique,Canada,Canada,TT 30 days,Prompt,July 2024,5,Containers,79.78,79.78,81.38,0,79.78,0,5,,,13425.79,USD/MT,Fixed,,,13425.79,14083.35,USD/MT,,,,,,,0,,0,0.0,0,0,13425.79,,10711.1,5355.55,1049687.34,160666.55,11411.92,1141.19,3989.0,2142.22,5355.55,0,1071.11,0,0,0,0,0,Mountain View Imports,USD/MT,1.0,,0,,0,,0,,0,,0,2024-07-25,2024-08-24,,,,,,,,2024-07-25,System,0,,0.0,USD,15.0,0
2023-05-22,CT2023050158,1,0,Middle East Trading,Warehouse Solutions Inc.,14957.7,12714.05,258169.9,Australia,,,,Cashew Kernels Splits,Ivory Coast,,,2023,,CIF,Ivory Coast,Ivory Coast,Australia,Australia,LC 60 days,Prompt,May 2023,1,Containers,17.26,17.26,17.61,0,0.0,0,0,,,14957.7,USD/MT,Fixed,,,14957.7,15131.44,USD/MT,,,,,,,0,,0,17.26,0,1,14957.7,,2581.7,1290.85,253006.5,38725.4,12714.05,1271.4,863.0,516.34,1290.85,0,258.17,0,0,0,0,0,Middle East Trading,USD/MT,1.0,,0,,0,,0,,0,,0,2023-05-22,2023-06-21,,,,,,,,2023-05-22,System,1,2023-06-28,256376.25,GBP,15.0,1
2023-02-28,CT2023020159,0,0,Blue Ocean Exports,Warehouse Solutions Inc.,10265.58,8725.74,906245.4,Singapore,,,,Cashew Kernels LWP,Ivory Coast,,,2023,,CFR,Ivory Coast,Ivory Coast,Singapore,Singapore,LC 90 days,Prompt,February 2023,5,Containers,88.28,88.28,90.05,0,0.0,0,0,,,10265.58,USD/MT,Fixed,,,10265.58,10740.64,USD/MT,,,,,,,1,,0,88.28,0,5,10265.58,,9062.45,4531.23,888120.49,135937.07,8725.74,872.57,4414.0,1812.49,4531.23,0,906.25,0,0,0,0,0,Blue Ocean Exports,USD/MT,1.0,,0,,0,,0,,0,,0,2023-02-28,2023-03-30,,,,,,,,2023-02-28,System,1,2023-04-16,905587.84,GBP,15.0,1
2022-05-02,CT2022050160,1,1,Middle East Trading,Global Storage Co.,10254.68,8716.48,329893.06,Saudi Arabia,,,,Cashew Kernels W450,Nigeria,,,2022,,CIF,Nigeria,Nigeria,Saudi Arabia,Saudi Arabia,CAD,Prompt,May 2022,2,Containers,32.17,32.17,32.81,0,0.0,0,0,,,10254.68,USD/MT,Fixed,,,10254.68,10205.45,USD/MT,,,,,,,0,,0,32.17,0,2,10254.68,,3298.93,1649.47,323295.2,49483.9,8716.48,871.65,1608.5,659.79,1649.47,0,329.89,0,0,0,0,0,Middle East Trading,USD/MT,1.0,,0,,0,,0,,0,,0,2022-05-02,2022-06-01,,,,,,,,2022-05-02,System,1,2022-06-22,323829.66,EUR,15.0,1
2024-04-05,CT2024040161,0,1,Ocean Trade Partners,Maritime Shipping Corp.,8017.31,6814.71,539083.92,Saudi Arabia,,,,Cashew Kernels BB,Ivory Coast,,,2024,,FOB,Ivory Coast,Ivory Coast,Saudi Arabia,Saudi Arabia,CAD,Prompt,April 2024,4,Containers,67.24,67.24,68.58,0,0.0,0,0,,,8017.31,USD/MT,Fixed,,,8017.31,7791.09,USD/MT,,,,,,,1,,0,67.24,0,4,8017.31,,5390.84,2695.42,528302.24,80862.82,6814.71,681.47,3362.0,1078.17,2695.42,0,539.08,0,0,0,0,0,Ocean Trade Partners,USD/MT,1.0,,0,,0,,0,,0,,0,2024-04-05,2024-05-05,,,,,,,,2024-04-05,System,1,2024-06-03,521785.33,EUR,15.0,1
2023-03-10,CT2023030162,0,0,Continental Distributors,Maritime Shipping Corp.,8914.16,7577.04,473074.47,Japan,,,,Cashew Kernels LWP,Nigeria,,,2023,,EXW,Nigeria,Nigeria,Japan,Japan,LC 90 days,Prompt,March 2023,3,Containers,53.07,53.07,54.13,0,53.07,0,3,,,8914.16,USD/MT,Fixed,,,8914.16,9026.64,USD/MT,,,,,,,1,,0,0.0,0,0,8914.16,,4730.74,2365.37,463612.98,70960.96,7577.04,757.7,2653.5,946.15,2365.37,0,473.07,0,0,0,0,0,Continental Distributors,USD/MT,1.0,,0,,0,,0,,0,,0,2023-03-10,2023-04-09,,,,,,,,2023-03-10,System,0,,0.0,GBP,15.0,0
2022-02-03,CT2022020163,1,1,Asia Pacific Imports,Global Storage Co.,12820.14,10897.12,836385.93,Australia,,,,Cashew Kernels W240,Tanzania,,,2022,,CIF,Tanzania,Tanzania,Australia,Australia,CAD,Prompt,February 2022,4,Containers,65.24,65.24,66.54,0,0.0,0,0,,,12820.14,USD/MT,Fixed,,,12820.14,12284.8,USD/MT,,,,,,,0,,0,65.24,0,4,12820.14,,8363.86,4181.93,819658.21,125457.82,10897.12,1089.71,3262.0,1672.77,4181.93,0,836.39,0,0,0,0,0,Asia Pacific Imports,USD/MT,1.0,,0,,0,,0,,0,,0,2022-02-03,2022-03-05,,,,,,,,2022-02-03,System,1,2022-03-07,798470.05,EUR,15.0,1
2022-04-17,CT2022040164,1,0,Pacific Rim Foods,Maritime Shipping Corp.,12925.89,10987.01,936997.77,Saudi Arabia,,,,Cashew Kernels SW,Ghana,,,2022,,FOB,Ghana,Ghana,Saudi Arabia,Saudi Arabia,LC 60 days,Prompt,April 2022,4,Containers,72.49,72.49,73.94,0,0.0,0,0,,,12925.89,USD/MT,Fixed,,,12925.89,12290.02,USD/MT,,,,,,,1,,0,72.49,0,4,12925.89,,9369.98,4684.99,918257.81,140549.42,10987.01,1098.7,3624.5,1874.0,4684.99,0,937.0,0,0,0,0,0,Pacific Rim Foods,USD/MT,1.0,,0,,0,,0,,0,,0,2022-04-17,2022-05-17,,,,,,,,2022-04-17,System,1,2022-06-08,900744.9,EUR,15.0,1
2022-09-04,CT2022090165,0,0,Green Valley Foods,Land Transport Group,8625.32,7331.52,141627.75,Saudi Arabia,,,,Cashew Kernels BB,India,,,2022,,FOB,India,India,Saudi Arabia,Saudi Arabia,LC 30 days,Prompt,September 2022,1,Containers,16.42,16.42,16.75,0,0.0,0,0,,,8625.32,USD/MT,Fixed,,,8625.32,8253.06,USD/MT,,,,,,,0,,0,16.42,0,1,8625.32,,1416.28,708.14,138795.2,21244.19,7331.52,733.15,821.0,283.26,708.14,0,141.63,0,0,0,0,0,Green Valley Foods,USD/MT,1.0,,0,,0,,0,,0,,0,2022-09-04,2022-10-04,,,,,,,,2022-09-04,System,1,2022-10-08,135517.43,EUR,15.0,1
2022-12-03,CT2022120166,1,1,Continental Distributors,Air Cargo International,11096.69,9432.19,797408.14,Saudi Arabia,,,,Cashew Kernels W450,India,,,2022,,CIF,India,India,Saudi Arabia,Saudi Arabia,LC 30 days,Prompt,December 2022,4,Containers,71.86,71.86,73.3,0,0.0,0,0,,,11096.69,USD/MT,Fixed,,,11096.69,11610.74,USD/MT,,,,,,,1,,0,71.86,0,4,11096.69,,7974.08,3987.04,781459.98,119610.97,9432.19,943.22,3593.0,1594.82,3987.04,0,797.41,0,0,0,0,0,Continental Distributors,USD/MT,1.0,,0,,0,,0,,0,,0,2022-12-03,2023-01-02,,,,,,,,2022-12-03,System,1,2022-12-25,781044.29,USD,15.0,1
2022-10-14,CT2022100167,1,0,American Cashew Corp.,Maritime Shipping Corp.,13048.26,11091.02,1168080.24,UAE,,,,Cashew Kernels SW,Vietnam,,,2022,,CFR,Vietnam,Vietnam,UAE,UAE,CAD,Prompt,October 2022,5,Containers,89.52,89.52,91.31,0,89.52,0,5,,,13048.26,USD/MT,Fixed,,,13048.26,13071.42,USD/MT,,,,,,,0,,0,0.0,0,0,13048.26,,11680.8,5840.4,1144718.64,175212.13,11091.02,1109.1,4476.0,2336.16,5840.4,0,1168.08,0,0,0,0,0,American Cashew Corp.,USD/MT,1.0,,0,,0,,0,,0,,0,2022-10-14,2022-11-13,,,,,,,,2022-10-14,System,0,,0.0,USD,15.0,0
2024-03-13,CT2024030168,0,1,Middle East Trading,Warehouse Solutions Inc.,9687.57,8234.43,660401.65,India,,,,Cashew Kernels SW,Nigeria,,,2024,,FCA,Nigeria,Nigeria,India,India,LC 30 days,Prompt,March 2024,4,Containers,68.17,68.17,69.53,0,68.17,0,4,,,9687.57,USD/MT,Fixed,,,9687.57,10107.94,USD/MT,,,,,,,0,,0,0.0,0,0,9687.57,,6604.02,3302.01,647193.62,99060.56,8234.43,823.44,3408.5,1320.8,3302.01,0,660.4,0,0,0,0,0,Middle East Trading,USD/MT,1.0,,0,,0,,0,,0,,0,2024-03-13,2024-04-12,,,,,,,,2024-03-13,System,0,,0.0,GBP,15.0,0
2024-03-03,CT2024030169,0,1,Green Valley Foods,Quick Ship Logistics,13392.57,11383.68,1034843.88,South Korea,,,,Cashew Kernels W450,Ivory Coast,,,2024,,FOB,Ivory Coast,Ivory Coast,South Korea,South Korea,TT 30 days,Prompt,March 2024,4,Containers,77.27,77.27,78.82,0,0.0,0,0,,,13392.57,USD/MT,Fixed,,,13392.57,13401.42,USD/MT,,,,,,,1,,0,77.27,0,4,13392.57,,10348.44,5174.22,1014147.0,155226.93,11383.68,1138.37,3863.5,2069.69,5174.22,0,1034.84,0,0,0,0,0,Green Valley Foods,USD/MT,1.0,,0,,0,,0,,0,,0,2024-03-03,2024-04-02,,,,,,,,2024-03-03,System,1,2024-03-31,985162.42,USD,15.0,1
2024-05-17,CT2024050170,0,1,Golden Harvest Co.,Land Transport Group,8553.15,7270.18,406274.62,Germany,,,,Cashew Kernels W450,Ghana,,,2024,,CIF,Ghana,Ghana,Germany,Germany,LC 60 days,Prompt,May 2024,3,Containers,47.5,47.5,48.45,0,0.0,0,0,,,8553.15,USD/MT,Fixed,,,8553.15,8723.08,USD/MT,,,,,,,0,,0,47.5,0,3,8553.15,,4062.75,2031.37,398149.13,60941.07,7270.18,727.02,2375.0,812.55,2031.37,0,406.27,0,0,0,0,0,Golden Harvest Co.,USD/MT,1.0,,0,,0,,0,,0,,0,2024-05-17,2024-06-16,,,,,,,,2024-05-17,System,1,2024-07-08,398845.77,GBP,15.0,1
2022-04-29,CT2022040171,0,0,American Cashew Corp.,Port Logistics Ltd.,8385.2,7127.42,602057.36,Brazil,,,,Cashew Kernels W320,Tanzania,,,2022,,CIF,Tanzania,Tanzania,Brazil,Brazil,LC 30 days,Prompt,April 2022,4,Containers,71.8,71.8,73.24,0,71.8,0,4,,,8385.2,USD/MT,Fixed,,,8385.2,8382.19,USD/MT,,,,,,,1,,0,0.0,0,0,8385.2,,6020.57,3010.29,590016.21,90308.6,7127.42,712.74,3590.0,1204.11,3010.29,0,602.06,0,0,0,0,0,American Cashew Corp.,USD/MT,1.0,,0,,0,,0,,0,,0,2022-04-29,2022-05-29,,,,,,,,2022-04-29,System,0,,0.0,USD,15.0,0
2024-12-07,CT2024120172,0,1,Ocean Trade Partners,Maritime Shipping Corp.,8826.4,7502.44,488099.92,Netherlands,,,,Cashew Kernels W450,Ivory Coast,,,2024,,FOB,Ivory Coast,Ivory Coast,Netherlands,Netherlands,LC 90 days,Prompt,December 2024,3,Containers,55.3,55.3,56.41,0,0.0,0,0,,,8826.4,USD/MT,Fixed,,,8826.4,8786.86,USD/MT,,,,,,,1,,0,55.3,0,3,8826.4,,4881.0,2440.5,478337.92,73214.99,7502.44,750.24,2765.0,976.2,2440.5,0,488.1,0,0,0,0,0,Ocean Trade Partners,USD/MT,1.0,,0,,0,,0,,0,,0,2024-12-07,2025-01-06,,,,,,,,2024-12-07,System,1,2024-12-26,470112.21,EUR,15.0,1
2022-04-24,CT2022040173,0,0,Continental Distributors,Quick Ship Logistics,14259.88,12120.9,795416.11,Netherlands,,,,Cashew Kernels W450,Ivory Coast,,,2022,,FOB,Ivory Coast,Ivory Coast,Netherlands,Netherlands,LC 60 days,Prompt,April 2022,3,Containers,55.78,55.78,56.9,0,0.0,0,0,,,14259.88,USD/MT,Fixed,,,14259.88,13612.46,USD/MT,,,,,,,1,,0,55.78,0,3,14259.88,,7954.16,3977.08,779507.79,119312.31,12120.9,1212.09,2789.0,1590.83,3977.08,0,795.42,0,0,0,0,0,Continental Distributors,USD/MT,1.0,,0,,0,,0,,0,,0,2022-04-24,2022-05-24,,,,,,,,2022-04-24,System,1,2022-05-11,789796.06,GBP,15.0,1
2024-02-24,CT2024020174,0,1,Royal Nut Company,Global Storage Co.,12998.15,11048.43,1216106.91,Netherlands,,,,Cashew Kernels W240,Nigeria,,,2024,,EXW,Nigeria,Nigeria,Netherlands,Netherlands,LC 60 days,Prompt,February 2024,5,Containers,93.56,93.56,95.43,0,0.0,0,0,,,12998.15,USD/MT,Fixed,,,12998.15,12503.44,USD/MT,,,,,,,0,,0,93.56,0,5,12998.15,,12161.07,6080.53,1191784.77,182415.8,11048.43,1104.84,4678.0,2432.21,6080.53,0,1216.11,0,0,0,0,0,Royal Nut Company,USD/MT,1.0,,0,,0,,0,,0,,0,2024-02-24,2024-03-25,,,,,,,,2024-02-24,System,1,2024-03-30,1171795.5,EUR,15.0,1
2023-01-03,CT2023010175,1,1,American Cashew Corp.,Inland Warehousing,13414.69,11402.49,1017638.38,United States,,,,Cashew Kernels W320,Tanzania,,,2023,,CFR,Tanzania,Tanzania,United States,United States,LC 90 days,Prompt,January 2023,4,Containers,75.86,75.86,77.38,0,0.0,0,0,,,13414.69,USD/MT,Fixed,,,13414.69,13736.07,USD/MT,,,,,,,0,,0,75.86,0,4,13414.69,,10176.38,5088.19,997285.61,152645.49,11402.49,1140.25,3793.0,2035.28,5088.19,0,1017.64,0,0,0,0,0,American Cashew Corp.,USD/MT,1.0,,0,,0,,0,,0,,0,2023-01-03,2023-02-02,,,,,,,,2023-01-03,System,1,2023-01-18,985527.79,USD,15.0,1
2024-08-08,CT2024080176,0,1,African Export Group,Quick Ship Logistics,9715.89,8258.51,900760.16,Australia,,,,Cashew Kernels SW,Nigeria,,,2024,,FOB,Nigeria,Nigeria,Australia,Australia,TT Advance,Prompt,August 2024,5,Containers,92.71,92.71,94.56,0,0.0,0,0,,,9715.89,USD/MT,Fixed,,,9715.89,9231.52,USD/MT,,,,,,,1,,0,92.71,0,5,9715.89,,9007.6,4503.8,882744.96,135113.7,8258.51,825.85,4635.5,1801.52,4503.8,0,900.76,0,0,0,0,0,African Export Group,USD/MT,1.0,,0,,0,,0,,0,,0,2024-08-08,2024-09-07,,,,,,,,2024-08-08,System,1,2024-09-14,884363.71,USD,15.0,1
2023-09-22,CT2023090177,1,1,Asia Pacific Imports,Express Freight Services,14807.91,12586.72,1145836.08,Canada,,,,Cashew Kernels Pieces,India,,,2023,,CIF,India,India,Canada,Canada,CAD,Prompt,September 2023,4,Containers,77.38,77.38,78.93,0,0.0,0,0,,,14807.91,USD/MT,Fixed,,,14807.91,14746.4,USD/MT,,,,,,,0,,0,77.38,0,4,14807.91,,11458.36,5729.18,1122919.36,171875.69,12586.72,1258.67,3869.0,2291.67,5729.18,0,1145.84,0,0,0,0,0,Asia Pacific Imports,USD/MT,1.0,,0,,0,,0,,0,,0,2023-09-22,2023-10-22,,,,,,,,2023-09-22,System,1,2023-10-21,1139951.49,EUR,15.0,1
2022-07-15,CT2022070178,1,1,Ocean Trade Partners,Global Storage Co.,8435.98,7170.58,150750.96,UAE,,,,Cashew Kernels Pieces,Nigeria,,,2022,,CIF,Nigeria,Nigeria,UAE,UAE,LC 60 days,Prompt,July 2022,1,Containers,17.87,17.87,18.23,0,0.0,0,0,,,8435.98,USD/MT,Fixed,,,8435.98,8282.49,USD/MT,,,,,,,1,,0,17.87,0,1,8435.98,,1507.51,753.75,147735.94,22612.7,7170.58,717.06,893.5,301.5,753.75,0,150.75,0,0,0,0,0,Ocean Trade Partners,USD/MT,1.0,,0,,0,,0,,0,,0,2022-07-15,2022-08-14,,,,,,,,2022-07-15,System,1,2022-08-19,150193.5,EUR,15.0,1
2023-04-24,CT2023040179,1,1,Asia Pacific Imports,Express Freight Services,11146.97,9474.92,355030.99,Netherlands,,,,Cashew Kernels W320,Nigeria,,,2023,,CFR,Nigeria,Nigeria,Netherlands,Netherlands,TT Advance,Prompt,April 2023,2,Containers,31.85,31.85,32.49,0,0.0,0,0,,,11146.97,USD/MT,Fixed,,,11146.97,11539.88,USD/MT,,,,,,,0,,0,31.85,0,2,11146.97,,3550.31,1775.15,347930.37,53254.79,9474.92,947.49,1592.5,710.06,1775.15,0,355.03,0,0,0,0,0,Asia Pacific Imports,USD/MT,1.0,,0,,0,,0,,0,,0,2023-04-24,2023-05-24,,,,,,,,2023-04-24,System,1,2023-05-22,345301.67,USD,15.0,1
2022-11-19,CT2022110180,1,0,Blue Ocean Exports,Maritime Shipping Corp.,10294.56,8750.38,388001.97,China,,,,Cashew Kernels W240,Ghana,,,2022,,FOB,Ghana,Ghana,China,China,CAD,Prompt,November 2022,2,Containers,37.69,37.69,38.44,0,37.69,0,2,,,10294.56,USD/MT,Fixed,,,10294.56,10476.96,USD/MT,,,,,,,1,,0,0.0,0,0,10294.56,,3880.02,1940.01,380241.93,58200.15,8750.38,875.04,1884.5,776.0,1940.01,0,388.0,0,0,0,0,0,Blue Ocean Exports,USD/MT,1.0,,0,,0,,0,,0,,0,2022-11-19,2022-12-19,,,,,,,,2022-11-19,System,0,,0.0,USD,15.0,0
2022-12-23,CT2022120181,1,1,Global Trading Co.,Land Transport Group,13627.28,11583.19,236433.31,China,,,,Cashew Kernels SW,Tanzania,,,2022,,CIF,Tanzania,Tanzania,China,China,LC 30 days,Prompt,December 2022,1,Containers,17.35,17.35,17.7,0,0.0,0,0,,,13627.28,USD/MT,Fixed,,,13627.28,13881.14,USD/MT,,,,,,,0,,0,17.35,0,1,13627.28,,2364.33,1182.17,231704.64,35464.96,11583.19,1158.32,867.5,472.87,1182.17,0,236.43,0,0,0,0,0,Global Trading Co.,USD/MT,1.0,,0,,0,,0,,0,,0,2022-12-23,2023-01-22,,,,,,,,2022-12-23,System,1,2023-01-21,226156.92,USD,15.0,1
2023-06-15,CT2023060182,0,0,Royal Nut Company,Port Logistics Ltd.,8643.85,7347.27,647856.56,United States,,,,Cashew Kernels SW,Vietnam,,,2023,,CFR,Vietnam,Vietnam,United States,United States,LC 30 days,Prompt,June 2023,4,Containers,74.95,74.95,76.45,0,74.95,0,4,,,8643.85,USD/MT,Fixed,,,8643.85,9010.46,USD/MT,,,,,,,1,,0,0.0,0,0,8643.85,,6478.57,3239.28,634899.43,97178.67,7347.27,734.73,3747.5,1295.71,3239.28,0,647.86,0,0,0,0,0,Royal Nut Company,USD/MT,1.0,,0,,0,,0,,0,,0,2023-06-15,2023-07-15,,,,,,,,2023-06-15,System,0,,0.0,USD,15.0,0
2024-03-19,CT2024030183,0,0,Continental Distributors,Warehouse Solutions Inc.,14358.13,12204.41,485735.54,South Korea,,,,Cashew Kernels Pieces,Ghana,,,2024,,CFR,Ghana,Ghana,South Korea,South Korea,LC 90 days,Prompt,March 2024,2,Containers,33.83,33.83,34.51,0,33.83,0,2,,,14358.13,USD/MT,Fixed,,,14358.13,14569.59,USD/MT,,,,,,,1,,0,0.0,0,0,14358.13,,4857.36,2428.68,476020.83,72860.35,12204.41,1220.44,1691.5,971.47,2428.68,0,485.74,0,0,0,0,0,Continental Distributors,USD/MT,1.0,,0,,0,,0,,0,,0,2024-03-19,2024-04-18,,,,,,,,2024-03-19,System,0,,0.0,EUR,15.0,0
2024-04-23,CT2024040184,0,1,Royal Nut Company,Inland Warehousing,10934.64,9294.44,558760.1,Australia,,,,Cashew Kernels W320,Vietnam,,,2024,,FCA,Vietnam,Vietnam,Australia,Australia,LC 60 days,Prompt,April 2024,3,Containers,51.1,51.1,52.12,0,51.1,0,3,,,10934.64,USD/MT,Fixed,,,10934.64,11242.9,USD/MT,,,,,,,1,,0,0.0,0,0,10934.64,,5587.6,2793.8,547584.9,83814.22,9294.44,929.44,2555.0,1117.52,2793.8,0,558.76,0,0,0,0,0,Royal Nut Company,USD/MT,1.0,,0,,0,,0,,0,,0,2024-04-23,2024-05-23,,,,,,,,2024-04-23,System,0,,0.0,GBP,15.0,0
2024-09-09,CT2024090185,1,0,Ocean Trade Partners,Coastal Distribution,8182.44,6955.07,542741.25,Japan,,,,Cashew Kernels Splits,Mozambique,,,2024,,FCA,Mozambique,Mozambique,Japan,Japan,LC 60 days,Prompt,September 2024,4,Containers,66.33,66.33,67.66,0,66.33,0,4,,,8182.44,USD/MT,Fixed,,,8182.44,8434.99,USD/MT,,,,,,,1,,0,0.0,0,0,8182.44,,5427.41,2713.71,531886.43,81411.46,6955.07,695.51,3316.5,1085.48,2713.71,0,542.74,0,0,0,0,0,Ocean Trade Partners,USD/MT,1.0,,0,,0,,0,,0,,0,2024-09-09,2024-10-09,,,,,,,,2024-09-09,System,0,,0.0,USD,15.0,0
2024-12-20,CT2024120186,1,1,African Export Group,Quick Ship Logistics,9865.69,8385.84,357631.26,United Kingdom,,,,Cashew Kernels W320,India,,,2024,,FOB,India,India,United Kingdom,United Kingdom,LC 60 days,Prompt,December 2024,2,Containers,36.25,36.25,36.98,0,36.25,0,2,,,9865.69,USD/MT,Fixed,,,9865.69,10295.05,USD/MT,,,,,,,0,,0,0.0,0,0,9865.69,,3576.31,1788.16,350478.63,53644.56,8385.84,838.58,1812.5,715.26,1788.16,0,357.63,0,0,0,0,0,African Export Group,USD/MT,1.0,,0,,0,,0,,0,,0,2024-12-20,2025-01-19,,,,,,,,2024-12-20,System,0,,0.0,GBP,15.0,0
2022-12-27,CT2022120187,1,1,American Cashew Corp.,Quick Ship Logistics,12903.93,10968.34,1007280.78,Japan,,,,Cashew Kernels Splits,Nigeria,,,2022,,FCA,Nigeria,Nigeria,Japan,Japan,TT 30 days,Prompt,December 2022,5,Containers,78.06,78.06,79.62,0,0.0,0,0,,,12903.93,USD/MT,Fixed,,,12903.93,12485.27,USD/MT,,,,,,,0,,0,78.06,0,5,12903.93,,10072.81,5036.4,987135.16,151092.16,10968.34,1096.83,3903.0,2014.56,5036.4,0,1007.28,0,0,0,0,0,American Cashew Corp.,USD/MT,1.0,,0,,0,,0,,0,,0,2022-12-27,2023-01-26,,,,,,,,2022-12-27,System,1,2023-01-23,999056.17,USD,15.0,1
2022-07-04,CT2022070188,1,0,Global Trading Co.,Express Freight Services,10322.14,8773.82,898645.51,Singapore,,,,Cashew Kernels W240,India,,,2022,,FCA,India,India,Singapore,Singapore,LC 60 days,Prompt,July 2022,5,Containers,87.06,87.06,88.8,0,0.0,0,0,,,10322.14,USD/MT,Fixed,,,10322.14,9828.65,USD/MT,,,,,,,0,,0,87.06,0,5,10322.14,,8986.46,4493.23,880672.6,134796.74,8773.82,877.38,4353.0,1797.29,4493.23,0,898.65,0,0,0,0,0,Global Trading Co.,USD/MT,1.0,,0,,0,,0,,0,,0,2022-07-04,2022-08-03,,,,,,,,2022-07-04,System,1,2022-07-30,894996.15,USD,15.0,1
2022-08-16,CT2022080189,1,1,Green Valley Foods,Inland Warehousing,12634.98,10739.73,694292.15,China,,,,Cashew Kernels W320,Ivory Coast,,,2022,,FCA,Ivory Coast,Ivory Coast,China,China,LC 30 days,Prompt,August 2022,3,Containers,54.95,54.95,56.05,0,0.0,0,0,,,12634.98,USD/MT,Fixed,,,12634.98,12823.47,USD/MT,,,,,,,0,,0,54.95,0,3,12634.98,,6942.92,3471.46,680406.31,104143.99,10739.73,1073.97,2747.5,1388.58,3471.46,0,694.29,0,0,0,0,0,Green Valley Foods,USD/MT,1.0,,0,,0,,0,,0,,0,2022-08-16,2022-09-15,,,,,,,,2022-08-16,System,1,2022-09-08,693454.16,EUR,15.0,1
2024-01-01,CT2024010190,1,0,American Cashew Corp.,Quick Ship Logistics,10061.62,8552.38,556508.2,China,,,,Cashew Kernels Pieces,India,,,2024,,CIF,India,India,China,China,CAD,Prompt,January 2024,3,Containers,55.31,55.31,56.42,0,55.31,0,3,,,10061.62,USD/MT,Fixed,,,10061.62,9741.74,USD/MT,,,,,,,1,,0,0.0,0,0,10061.62,,5565.08,2782.54,545378.04,83476.06,8552.38,855.24,2765.5,1113.02,2782.54,0,556.51,0,0,0,0,0,American Cashew Corp.,USD/MT,1.0,,0,,0,,0,,0,,0,2024-01-01,2024-01-31,,,,,,,,2024-01-01,System,0,,0.0,USD,15.0,0
2023-03-29,CT2023030191,0,1,Sunrise Trading LLC,Quick Ship Logistics,9665.97,8216.07,535881.38,Germany,,,,Cashew Kernels W450,Tanzania,,,2023,,CFR,Tanzania,Tanzania,Germany,Germany,LC 60 days,Prompt,March 2023,3,Containers,55.44,55.44,56.55,0,55.44,0,3,,,9665.97,USD/MT,Fixed,,,9665.97,9614.38,USD/MT,,,,,,,1,,0,0.0,0,0,9665.97,,5358.81,2679.41,525163.75,80382.46,8216.07,821.61,2772.0,1071.76,2679.41,0,535.88,0,0,0,0,0,Sunrise Trading LLC,USD/MT,1.0,,0,,0,,0,,0,,0,2023-03-29,2023-04-28,,,,,,,,2023-03-29,System,0,,0.0,GBP,15.0,0
2023-03-06,CT2023030192,1,0,American Cashew Corp.,Port Logistics Ltd.,11067.54,9407.41,173649.7,Japan,,,,Cashew Kernels W320,Ivory Coast,,,2023,,EXW,Ivory Coast,Ivory Coast,Japan,Japan,LC 60 days,Prompt,March 2023,1,Containers,15.69,15.69,16.0,0,0.0,0,0,,,11067.54,USD/MT,Fixed,,,11067.54,11431.45,USD/MT,,,,,,,0,,0,15.69,0,1,11067.54,,1736.5,868.25,170176.71,26047.44,9407.41,940.74,784.5,347.3,868.25,0,173.65,0,0,0,0,0,American Cashew Corp.,USD/MT,1.0,,0,,0,,0,,0,,0,2023-03-06,2023-04-05,,,,,,,,2023-03-06,System,1,2023-04-14,168016.77,EUR,15.0,1
2022-11-30,CT2022110193,0,0,Continental Distributors,Port Logistics Ltd.,9827.89,8353.71,459355.58,India,,,,Cashew Kernels W240,Nigeria,,,2022,,FOB,Nigeria,Nigeria,India,India,LC 30 days,Prompt,November 2022,3,Containers,46.74,46.74,47.67,0,0.0,0,0,,,9827.89,USD/MT,Fixed,,,9827.89,9668.63,USD/MT,,,,,,,1,,0,46.74,0,3,9827.89,,4593.56,2296.78,450168.47,68903.17,8353.71,835.37,2337.0,918.71,2296.78,0,459.36,0,0,0,0,0,Continental Distributors,USD/MT,1.0,,0,,0,,0,,0,,0,2022-11-30,2022-12-30,,,,,,,,2022-11-30,System,1,2023-01-08,440083.42,EUR,15.0,1
2022-03-05,CT2022030194,1,1,Pacific Rim Foods,Global Storage Co.,9438.85,8023.02,150172.1,Singapore,,,,Cashew Kernels W450,Tanzania,,,2022,,CIF,Tanzania,Tanzania,Singapore,Singapore,TT Advance,Prompt,March 2022,1,Containers,15.91,15.91,16.23,0,0.0,0,0,,,9438.85,USD/MT,Fixed,,,9438.85,9191.13,USD/MT,,,,,,,0,,0,15.91,0,1,9438.85,,1501.72,750.86,147168.66,22525.85,8023.02,802.3,795.5,300.34,750.86,0,150.17,0,0,0,0,0,Pacific Rim Foods,USD/MT,1.0,,0,,0,,0,,0,,0,2022-03-05,2022-04-04,,,,,,,,2022-03-05,System,1,2022-04-23,144655.26,GBP,15.0,1
2024-03-15,CT2024030195,0,0,Mountain View Imports,Inland Warehousing,10993.24,9344.25,186225.49,China,,,,Cashew Kernels W450,Tanzania,,,2024,,CFR,Tanzania,Tanzania,China,China,CAD,Prompt,March 2024,1,Containers,16.94,16.94,17.28,0,0.0,0,0,,,10993.24,USD/MT,Fixed,,,10993.24,11145.16,USD/MT,,,,,,,0,,0,16.94,0,1,10993.24,,1862.25,931.13,182500.98,27933.89,9344.25,934.43,847.0,372.45,931.13,0,186.23,0,0,0,0,0,Mountain View Imports,USD/MT,1.0,,0,,0,,0,,0,,0,2024-03-15,2024-04-14,,,,,,,,2024-03-15,System,1,2024-04-11,177817.29,GBP,15.0,1
2024-08-27,CT2024080196,1,0,Green Valley Foods,Port Logistics Ltd.,12627.28,10733.19,881762.96,France,,,,Cashew Kernels Pieces,Nigeria,,,2024,,FOB,Nigeria,Nigeria,France,France,CAD,Prompt,August 2024,4,Containers,69.83,69.83,71.23,0,0.0,0,0,,,12627.28,USD/MT,Fixed,,,12627.28,12558.81,USD/MT,,,,,,,1,,0,69.83,0,4,12627.28,,8817.63,4408.81,864127.7,132264.3,10733.19,1073.32,3491.5,1763.53,4408.81,0,881.76,0,0,0,0,0,Green Valley Foods,USD/MT,1.0,,0,,0,,0,,0,,0,2024-08-27,2024-09-26,,,,,,,,2024-08-27,System,1,2024-10-04,876714.54,GBP,15.0,1
2024-06-19,CT2024060197,0,0,Continental Distributors,Maritime Shipping Corp.,13265.65,11275.8,1044404.62,United Kingdom,,,,Cashew Kernels LWP,Nigeria,,,2024,,FOB,Nigeria,Nigeria,United Kingdom,United Kingdom,LC 30 days,Prompt,June 2024,5,Containers,78.73,78.73,80.3,0,0.0,0,0,,,13265.65,USD/MT,Fixed,,,13265.65,13717.74,USD/MT,,,,,,,1,,0,78.73,0,5,13265.65,,10444.05,5222.02,1023516.53,156660.89,11275.8,1127.58,3936.5,2088.81,5222.02,0,1044.4,0,0,0,0,0,Continental Distributors,USD/MT,1.0,,0,,0,,0,,0,,0,2024-06-19,2024-07-19,,,,,,,,2024-06-19,System,1,2024-08-07,1013802.87,GBP,15.0,1
2024-08-30,CT2024080198,0,0,Mountain View Imports,Express Freight Services,13000.14,11050.12,993730.7,Australia,,,,Cashew Kernels W320,Ivory Coast,,,2024,,FCA,Ivory Coast,Ivory Coast,Australia,Australia,TT 30 days,Prompt,August 2024,4,Containers,76.44,76.44,77.97,0,76.44,0,4,,,13000.14,USD/MT,Fixed,,,13000.14,13584.18,USD/MT,,,,,,,1,,0,0.0,0,0,13000.14,,9937.31,4968.65,973856.09,149059.53,11050.12,1105.01,3822.0,1987.46,4968.65,0,993.73,0,0,0,0,0,Mountain View Imports,USD/MT,1.0,,0,,0,,0,,0,,0,2024-08-30,2024-09-29,,,,,,,,2024-08-30,System,0,,0.0,GBP,15.0,0
2022-12-21,CT2022120199,0,0,Euro Nuts Ltd.,Express Freight Services,14917.96,12680.27,256439.73,India,,,,Cashew Kernels W450,India,,,2022,,EXW,India,India,India,India,LC 60 days,Prompt,December 2022,1,Containers,17.19,17.19,17.53,0,0.0,0,0,,,14917.96,USD/MT,Fixed,,,14917.96,14751.03,USD/MT,,,,,,,1,,0,17.19,0,1,14917.96,,2564.4,1282.2,251310.94,38465.89,12680.27,1268.03,859.5,512.88,1282.2,0,256.44,0,0,0,0,0,Euro Nuts Ltd.,USD/MT,1.0,,0,,0,,0,,0,,0,2022-12-21,2023-01-20,,,,,,,,2022-12-21,System,1,2023-02-12,246924.36,GBP,15.0,1
2023-10-30,CT2023100200,0,0,Green Valley Foods,Maritime Shipping Corp.,13471.8,11451.03,1202358.15,Canada,,,,Cashew Kernels W240,Tanzania,,,2023,,FOB,Tanzania,Tanzania,Canada,Canada,TT Advance,Prompt,October 2023,5,Containers,89.25,89.25,91.03,0,0.0,0,0,,,13471.8,USD/MT,Fixed,,,13471.8,13556.25,USD/MT,,,,,,,0,,0,89.25,0,5,13471.8,,12023.58,6011.79,1178310.99,180353.72,11451.03,1145.1,4462.5,2404.72,6011.79,0,1202.36,0,0,0,0,0,Green Valley Foods,USD/MT,1.0,,0,,0,,0,,0,,0,2023-10-30,2023-11-29,,,,,,,,2023-10-30,System,1,2023-12-21,1177269.57,USD,15.0,1
